Date,Type,Registration,Origin,Destination,Duration,Route
12/12/2022,CRJ9,N591NN,KDCA,KPNS,2.3,KDCA KPNS
12/13/2022,CRJ9,N599NN,KPNS,KDCA,2.5,KDCA KPNS
12/13/2022,CRJ9,N599NN,KDCA,KMSY,3,KDCA KMSY
12/14/2022,CRJ9,N549NN,KMSY,KDCA,2.4,KDCA KMSY
12/15/2022,CRJ9,N567NN,KCLT,KCMH,1.3,KCLT KCMH
12/15/2022,CRJ9,N567NN,KCMH,KCLT,1.7,KCLT KCMH
12/15/2022,CRJ9,N567NN,KCLT,KAGS,1,KCLT KAGS
12/16/2022,CRJ9,N567NN,KAGS,KDCA,1.4,KDCA KAGS
12/20/2022,CRJ9,N560NN,KDCA,KSTL,2.5,KDCA KSTL
12/20/2022,CRJ9,N560NN,KSTL,KDCA,2,KDCA KSTL
12/20/2022,CRJ7,N525AE,KDCA,KCRW,1.3,KDCA KCRW
12/21/2022,CRJ7,N527EA,KCRW,KCLT,1.4,KCLT KCRW
12/21/2022,CRJ9,N605NN,KCLT,KBHM,1.5,KCLT KBHM
12/22/2022,CRJ9,N565NN,KBHM,KPHL,2.3,KBHM KPHL
12/22/2022,CRJ9,N581NN,KPHL,KBTV,1.4,KPHL KBTV
12/23/2022,CRJ9,N612NN,KBTV,KDCA,2.4,KDCA KBTV
12/29/2022,CRJ7,N522AE,KDCA,KORF,1.6,KDCA KORF
12/29/2022,CRJ7,N522AE,KORF,KDCA,0.9,KDCA KORF
12/29/2022,CRJ7,N522AE,KDCA,KILM,1.3,KDCA KILM
12/30/2022,CRJ7,N522AE,KILM,KDCA,1.4,KDCA KILM
12/30/2022,CRJ7,N522AE,KDCA,KBHM,2.4,KDCA KBHM
12/30/2022,CRJ7,N522AE,KBHM,KDCA,1.7,KDCA KBHM
1/1/2023,CRJ7,N543EA,KDCA,KAVL,1.5,KDCA KAVL
1/1/2023,CRJ7,N543EA,KAVL,KDCA,1.9,KDCA KAVL
1/1/2023,CRJ7,N543EA,KDCA,KMGM,2,KDCA KMGM
1/1/2023,CRJ7,N543EA,KMGM,KDCA,2,KDCA KMGM
1/5/2023,CRJ7,N525AE,KDCA,KJAX,2.5,KDCA KJAX
1/5/2023,CRJ7,N525AE,KJAX,KDCA,1.8,KDCA KJAX
1/5/2023,CRJ7,N720PS,KDCA,KCAK,1.3,KDCA KCAK
1/6/2023,CRJ9,N561NN,KCAK,KPHL,1.6,KCAK KPHL
1/10/2023,CRJ7,N706PS,KDCA,KRDU,1.1,KDCA KRDU
1/10/2023,CRJ7,N706PS,KRDU,KDCA,1.4,KDCA KRDU
1/20/2023,CRJ7,N702PS,KDCA,KILM,1.4,KDCA KILM
1/20/2023,CRJ7,N702PS,KILM,KDCA,1.3,KDCA KILM
1/20/2023,CRJ9,N612NN,KMHT,KDCA,2.5,KDCA KMHT
1/22/2023,CRJ9,N582NN,KDCA,KPVD,1.3,KDCA KPVD
1/22/2023,CRJ9,N582NN,KPVD,KDCA,1.7,KDCA KPVD
1/24/2023,CRJ7,N539EA,KDCA,KMGM,2.1,KDCA KMGM
1/24/2023,CRJ7,N539EA,KMGM,KDCA,1.7,KDCA KMGM
1/26/2023,CRJ7,N502AE,KDCA,KILM,1.7,KDCA KILM
1/26/2023,CRJ7,N502AE,KILM,KDCA,1.2,KDCA KILM
1/27/2023,CRJ7,N705PS,KDCA,KHPN,1.1,KDCA KHPN
1/27/2023,CRJ7,N705PS,KHPN,KDCA,2,KDCA KHPN
2/1/2023,CRJ9,N597NN,KDCA,KJAX,2.8,KDCA KJAX
2/1/2023,CRJ9,N597NN,KJAX,KPHL,1.8,KJAX KPHL
2/1/2023,CRJ9,N567NN,KPHL,KDTW,1.9,KPHL KDTW
2/2/2023,CRJ7,N517AE,KDTW,KDCA,1.8,KDCA KDTW
2/2/2023,CRJ7,N517AE,KDCA,KBHM,3,KDCA KBHM
2/3/2023,CRJ9,N579NN,KBHM,KCLT,1.5,KCLT KBHM
2/3/2023,CRJ9,N579NN,KCLT,KAGS,1,KCLT KAGS
2/4/2023,CRJ7,N519AE,KAGS,KDCA,1.6,KDCA KAGS
2/4/2023,CRJ7,N519AE,KDCA,KCLE,1.4,KDCA KCLE
2/4/2023,CRJ7,N519AE,KCLE,KDCA,1.4,KDCA KCLE
2/7/2023,CRJ9,N606NN,KDCA,KDAY,1.6,KDCA KDAY
2/7/2023,CRJ9,N606NN,KDAY,KDCA,1.2,KDCA KDAY
2/7/2023,CRJ7,N705PS,KDCA,KTYS,1.8,KDCA KTYS
2/8/2023,CRJ9,N610NN,KTYS,KPHL,1.6,KTYS KPHL
2/8/2023,CRJ7,N543EA,KPHL,KPVD,1.2,KPHL KPVD
2/9/2023,CRJ9,N589NN,KPVD,KDCA,1.6,KDCA KPVD
2/9/2023,CRJ9,N589NN,KDCA,KSAV,2.1,KDCA KSAV
2/10/2023,CRJ9,N598NN,KSAV,KDCA,1.6,KDCA KSAV
2/10/2023,CRJ9,N598NN,KDCA,KDSM,3,KDCA KDSM
2/14/2023,CRJ7,N720PS,KDCA,KBDL,1.5,KDCA KBDL
2/14/2023,CRJ7,N720PS,KBDL,KDCA,1.3,KDCA KBDL
2/14/2023,CRJ9,N611NS,KDCA,KPNS,2.4,KDCA KPNS
2/15/2023,CRJ9,N581NN,KPNS,KCLT,1.6,KCLT KPNS
2/15/2023,CRJ9,N581NN,KCLT,KJAN,2.2,KCLT KJAN
2/16/2023,CRJ7,N538EG,KJAN,KDCA,2.7,KDCA KJAN
2/16/2023,CRJ7,N515AE,KDCA,KROC,1.2,KDCA KROC
2/16/2023,CRJ7,N515AE,KROC,KDCA,1.5,KDCA KROC
2/16/2023,CRJ7,N515AE,KDCA,KBGR,1.7,KDCA KBGR
2/17/2023,CRJ7,N501BG,KBGR,KDCA,2.2,KDCA KBGR
2/20/2023,CRJ7,N502AE,KDCA,KBDL,1.4,KDCA KBDL
2/20/2023,CRJ7,N502AE,KBDL,KDCA,1.5,KDCA KBDL
2/20/2023,CRJ9,N553NN,KDCA,KPNS,2.6,KDCA KPNS
2/21/2023,CRJ9,N576NN,KPNS,KDCA,2.2,KDCA KPNS
2/21/2023,CRJ9,N576NN,KDCA,KBDL,1.4,KDCA KBDL
2/21/2023,CRJ9,N576NN,KBDL,KDCA,1.4,KDCA KBDL
2/21/2023,CRJ9,N557NN,KDCA,KBNA,2.2,KDCA KBNA
2/22/2023,CRJ7,N528EG,KBNA,KDCA,2.2,KDCA KBNA
2/22/2023,CRJ7,N528EG,KDCA,KORF,0.8,KDCA KORF
2/23/2023,CRJ7,N501BG,KORF,KPHL,1.4,KORF KPHL
2/23/2023,CRJ7,N502AE,KPHL,KMYR,2.1,KPHL KMYR
2/23/2023,CRJ7,N502AE,KMYR,KDCA,1.5,KDCA KMYR
2/27/2023,CRJ7,N705PS,KDCA,KBDL,1.9,KDCA KBDL
2/27/2023,CRJ7,N705PS,KBDL,KDCA,1.5,KDCA KBDL
2/27/2023,CRJ9,N599NN,KDCA,KPNS,2.4,KDCA KPNS
2/28/2023,CRJ9,N608NN,KPNS,KCLT,1.6,KCLT KPNS
2/28/2023,CRJ9,N608NN,KCLT,KJAN,2,KCLT KJAN
3/1/2023,CRJ7,N509AE,KJAN,KDCA,2.4,KDCA KJAN
3/1/2023,CRJ7,N509AE,KDCA,KDTW,1.9,KDCA KDTW
3/2/2023,CRJ9,N555NN,KDTW,KDCA,1.9,KDCA KDTW
3/2/2023,CRJ9,N555NN,KDCA,KECP,3.8,KDCA KECP
3/2/2023,CRJ9,N555NN,KECP,KDCA,2.1,KDCA KECP
3/3/2023,CRJ7,N528EG,KDCA,KMHT,1.6,KDCA KMHT
3/8/2023,CRJ9,N592NN,KDCA,KDAY,2.2,KDCA KDAY
3/8/2023,CRJ9,N592NN,KDAY,KDCA,1.3,KDCA KDAY
3/8/2023,CRJ9,N592NN,KDCA,KTLH,2,KDCA KTLH
3/9/2023,CRJ9,N562NN,KTLH,KCLT,1.6,KCLT KTLH
3/9/2023,CRJ9,N557NN,KCLT,KAGS,1.1,KCLT KAGS
3/10/2023,CRJ7,N541EA,KAGS,KDCA,1.5,KDCA KAGS
3/10/2023,CRJ7,N702PS,KDCA,KORF,1,KDCA KORF
3/10/2023,CRJ7,N702PS,KORF,KDCA,1,KDCA KORF
3/10/2023,CRJ7,N501BG,KDCA,KCVG,2.3,KDCA KCVG
3/11/2023,CRJ9,N556NN,KCVG,KDCA,1.6,KDCA KCVG
3/11/2023,CRJ7,N522AE,KDCA,KECP,2.8,KDCA KECP
3/11/2023,CRJ7,N522AE,KECP,KDCA,2.2,KDCA KECP
3/12/2023,CRJ7,N528EG,KDCA,KAVL,1.5,KDCA KAVL
3/12/2023,CRJ7,N528EG,KAVL,KDCA,1.5,KDCA KAVL
3/14/2023,CRJ9,N608NN,KDCA,KMCI,3,KDCA KMCI
3/14/2023,CRJ9,N608NN,KMCI,KDCA,2.5,KDCA KMCI
3/14/2023,CRJ7,N533AE,KDCA,KBNA,1.8,KDCA KBNA
3/15/2023,CRJ9,N614NN,KBNA,KDCA,1.8,KDCA KBNA
3/15/2023,CRJ9,N614NN,KDCA,KTUL,2.8,KDCA KTUL
3/16/2023,CRJ9,N586NN,KTUL,KCLT,2.4,KCLT KTUL
3/16/2023,CRJ9,N585NN,KCLT,KAVL,0.8,KCLT KAVL
3/16/2023,CRJ9,N585NN,KAVL,KCLT,0.9,KCLT KAVL
3/16/2023,CRJ9,N585NN,KCLT,KGSO,1,KCLT KGSO
3/17/2023,CRJ7,N532EA,KGSO,KDCA,1,KDCA KGSO
3/17/2023,CRJ7,N532EA,KDCA,KPVD,1.2,KDCA KPVD
3/17/2023,CRJ7,N532EA,KPVD,KDCA,1.6,KDCA KPVD
3/19/2023,CRJ7,N533AE,KDCA,KHSV,2.2,KDCA KHSV
3/19/2023,CRJ7,N533AE,KHSV,KDCA,1.8,KDCA KHSV
3/19/2023,CRJ9,N613NN,KDCA,KBUF,1.3,KDCA KBUF
3/20/2023,CRJ7,N519AE,KBUF,KDCA,1.2,KDCA KBUF
3/20/2023,CRJ7,N519AE,KDCA,KDSM,3,KDCA KDSM
3/21/2023,CRJ7,N558NN,KDSM,KDCA,2.2,KDCA KDSM
3/21/2023,CRJ7,N525AE,KDCA,KCAE,1.4,KDCA KCAE
3/21/2023,CRJ7,N525AE,KCAE,KDCA,1.7,KDCA KCAE
3/21/2023,CRJ7,N501BG,KDCA,KGSO,1,KDCA KGSO
3/22/2023,CRJ7,N527EA,KGSO,KDCA,1.4,KDCA KGSO
3/22/2023,CRJ7,N527EA,KDCA,KPVD,1.3,KDCA KPVD
3/22/2023,CRJ7,N527EA,KPVD,KDCA,1.8,KDCA KPVD
,,,,,, 
3/28/2023,CRJ7,N508AE,KPVD,KDCA,1.8,KDCA KPVD
3/29/2023,CRJ7,N509AE,KDCA,KALB,1.3,KDCA KALB
3/29/2023,CRJ7,N509AE,KALB,KDCA,1.9,KDCA KALB
3/28/2023,CRJ7,N508AE,KDCA,KPVD,1.2,KDCA KPVD
4/2/2023,CRJ7,N706PS,KDCA,KHPN,1.9,KDCA KHPN
4/2/2023,CRJ7,N706PS,KHPN,KDCA,1,KDCA KHPN
4/2/2023,CRJ7,N545PB,KDCA,KCAE,1.5,KDCA KCAE
4/2/2023,CRJ7,N545PB,KCAE,KDCA,1.7,KDCA KCAE
4/2/2023,CRJ7,N532EA,KDCA,KALB,1.2,KDCA KALB
4/3/2023,CRJ9,N580NN,KALB,KDCA,1.6,KDCA KALB
4/3/2023,CRJ9,N580NN,KDCA,KBDL,1.2,KDCA KBDL
4/3/2023,CRJ9,N580NN,KBDL,KDCA,1.8,KDCA KBDL
4/3/2023,CRJ9,N580NN,KDCA,KGSP,1.4,KDCA KGSP
4/4/2023,CRJ9,N562NN,KGSP,KDCA,1.5,KDCA KGSP
4/4/2023,CRJ9,N596NN,KDCA,KBGR,1.9,KDCA KBGR
4/5/2023,CRJ7,N516AE,KBGR,KDCA,1.7,KDCA KBGR
4/5/2023,CRJ7,N540EG,KDCA,KALB,1.3,KDCA KALB
4/5/2023,CRJ7,N540EG,KALB,KDCA,1.4,KDCA KALB
4/8/2023,CRJ9,N553NN,KDCA,KCAE,1.5,KDCA KCAE
4/9/2023,CRJ9,N564NN,KCAE,KCLT,0.8,KCLT KCAE
4/9/2023,CRJ9,N564NN,KCLT,KGSP,0.8,KCLT KGSP
4/9/2023,CRJ9,N564NN,KGSP,KCLT,0.9,KCLT KGSP
4/14/2023,CRJ7,N545PB,KDCA,KGRR,1.6,KDCA KGRR
4/15/2023,CRJ7,N705PS,KGRR,KDCA,2.3,KDCA KGRR
4/15/2023,CRJ7,N705PS,KDCA,KMSY,2.9,KDCA KMSY
4/15/2023,CRJ7,N705PS,KMSY,KDCA,2.5,KDCA KMSY
4/17/2023,CRJ9,N588NN,KDCA,KBHM,2.3,KDCA KBHM
4/17/2023,CRJ9,N588NN,KBHM,KDFW,2.3,KBHM KDFW
4/19/2023,CRJ7,N542EA,KDCA,KGRR,1.8,KDCA KGRR
4/20/2023,CRJ7,N507AE,KGRR,KDCA,1.7,KDCA KGRR
4/25/2023,CRJ7,N702PS,KDCA,KCVG,1.7,KDCA KCVG
4/25/2023,CRJ7,N702PS,KCVG,KDCA,1.4,KDCA KCVG
4/25/2023,CRJ7,N541EA,KDCA,KTYS,1.7,KDCA KTYS
4/26/2023,CRJ7,N528EG,KTYS,KDCA,1.7,KDCA KTYS
4/26/2023,CRJ7,N539EA,KDCA,KJAN,2.7,KDCA KJAN
4/27/2023,CRJ9,N570NN,KJAN,KDFW,1.6,KJAN KDFW
4/27/2023,CRJ9,N570NN,KDFW,KMGM,1.7,KDFW KMGM
4/28/2023,CRJ7,N528EG,KMGM,KDCA,1.8,KDCA KMGM
4/29/2023,CRJ9,N598NN,KDCA,KECP,2.5,KDCA KECP
4/29/2023,CRJ9,N598NN,KECP,KDCA,1.9,KDCA KECP
5/1/2023,CRJ7,N706PS,KDCA,KHSV,2.1,KDCA KHSV
5/1/2023,CRJ7,N706PS,KHSV,KDCA,1.9,KDCA KHSV
5/1/2023,CRJ7,N513AE,KDCA,KTYS,1.7,KDCA KTYS
5/2/2023,CRJ7,N544EA,KTYS,KDCA,1.4,KDCA KTYS
5/3/2023,CRJ9,N603NN,KPHL,KJAX,2.2,KPHL KJAX
5/3/2023,CRJ9,N603NN,KJAX,KDCA,1.9,KDCA KJAX
5/4/2023,CRJ7,N537EA,KDCA,KBDL,1.4,KDCA KBDL
5/4/2023,CRJ7,N537EA,KBDL,KDCA,1.5,KDCA KBDL
5/7/2023,CRJ9,N553NN,KDCA,KBTV,1.6,KDCA KBTV
5/8/2023,CRJ9,N572NN,KBTV,KPHL,1.4,KBTV KPHL
5/8/2023,CRJ9,N572NN,KPHL,KDCA,1.1,KDCA KPHL
5/8/2023,CRJ9,N594NN,KDCA,KHSV,1.9,KDCA KHSV
5/9/2023,CRJ9,N570NN,KHSV,KDCA,2.2,KDCA KHSV
5/9/2023,CRJ9,N570NN,KDCA,KBDL,1.3,KDCA KBDL
5/10/2023,CRJ9,N606NN,KBDL,KDCA,1.4,KDCA KBDL
5/10/2023,CRJ7,N501BG,KDCA,KMEM,2.4,KDCA KMEM
5/10/2023,CRJ7,N501BG,KMEM,KDCA,2.5,KDCA KMEM
5/11/2023,CRJ9,N564NN,KDCA,KAVL,1.3,KDCA KAVL
5/11/2023,CRJ9,N564NN,KAVL,KDCA,1.4,KDCA KAVL
5/12/2023,CRJ9,N586NN,KDCA,KHSV,1.9,KDCA KHSV
5/12/2023,CRJ9,N586NN,KHSV,KDCA,2.2,KDCA KHSV
5/14/2023,CRJ9,N578NN,KDCA,KCVG,1.5,KDCA KCVG
5/15/2023,CRJ7,N702PS,KCVG,KDCA,1.6,KDCA KCVG
5/15/2023,CRJ7,N702PS,KDCA,KTYS,1.5,KDCA KTYS
5/16/2023,CRJ9,N607NN,KDCA,KPVD,1.5,KDCA KPVD
5/16/2023,CRJ9,N607NN,KPVD,KDCA,1.4,KDCA KPVD
5/19/2023,CRJ7,N544EA,KDCA,KPVD,1.3,KDCA KPVD
5/19/2023,CRJ7,N544EA,KPVD,KDCA,2,KDCA KPVD
5/20/2023,CRJ9,N563NN,KDCA,KMCI,2.6,KDCA KMCI
5/21/2023,CRJ9,N584NN,KMCI,KDCA,2.8,KDCA KMCI
5/21/2023,CRJ9,N584NN,KDCA,KCAE,1.4,KDCA KCAE
5/21/2023,CRJ9,N584NN,KCAE,KDCA,1.6,KDCA KCAE
5/21/2023,CRJ9,N584NN,KDCA,KPVD,1.3,KDCA KPVD
5/22/2023,CRJ9,N580NN,KPVD,KDCA,1.4,KDCA KPVD
5/22/2023,CRJ9,N563NN,KDCA,KSYR,1.2,KDCA KSYR
5/22/2023,CRJ9,N563NN,KSYR,KDCA,1.6,KDCA KSYR
5/22/2023,CRJ9,N563NN,KDCA,KHSV,1.9,KDCA KHSV
5/23/2023,CRJ7,N523AE,KHSV,KDCA,1.9,KDCA KHSV
5/23/2023,CRJ7,N523AE,KDCA,KBDL,1.4,KDCA KBDL
5/23/2023,CRJ7,N523AE,KBDL,KDCA,1.3,KDCA KBDL
5/26/2023,CRJ7,N532EA,KDCA,KCLE,1.3,KDCA KCLE
5/27/2023,CRJ9,N600NN,KCLE,KDCA,1.4,KDCA KCLE
5/27/2023,CRJ9,N600NN,KDCA,KMCI,2.4,KDCA KMCI
5/28/2023,CRJ7,N528EG,KMCI,KDCA,2.6,KDCA KMCI
5/28/2023,CRJ9,N610NN,KDCA,KMCI,2.4,KDCA KMCI
5/29/2023,CRJ9,N562NN,KMCI,KDCA,2.6,KDCA KMCI
5/29/2023,CRJ9,N583NN,KDCA,KJAX,1.9,KDCA KJAX
5/29/2023,CRJ9,N583NN,KJAX,KDCA,2,KDCA KJAX
5/30/2023,CRJ9,N576NN,KDCA,KAVL,1.5,KDCA KAVL
5/30/2023,CRJ9,N576NN,KAVL,KDCA,1.5,KDCA KAVL
6/1/2023,CRJ7,N537EA,KDCA,KJAN,2.6,KDCA KJAN
6/2/2023,CRJ9,N547NN,KCLT,KMHT,2.3,KCLT KMHT
6/3/2023,CRJ9,N575NN,KMHT,KDCA,1.5,KDCA KMHT
6/3/2023,CRJ9,N574NN,KDCA,KATL,1.8,KDCA KATL
6/3/2023,CRJ9,N574NN,KATL,KDCA,1.7,KDCA KATL
6/8/2023,CRJ9,N603NN,KDFW,KDAY,2.6,KDFW KDAY
6/8/2023,CRJ9,N603NN,KDAY,KCLT,1.6,KCLT KDAY
6/8/2023,CRJ9,N579NN,KCLT,KMLB,1.9,KCLT KMLB
6/9/2023,CRJ9,N582NN,KMLB,KCLT,2.2,KCLT KMLB
6/9/2023,CRJ9,N574NN,KCLT,KPNS,1.7,KCLT KPNS
6/10/2023,CRJ9,N586NN,KPNS,KCLT,1.8,KCLT KPNS
6/10/2023,CRJ9,N590NN,KCLT,KDCA,1.5,KDCA KCLT
6/12/2023,CRJ7,N506AE,KDCA,KJAX,2,KDCA KJAX
6/12/2023,CRJ7,N506AE,KJAX,KDCA,2.1,KDCA KJAX
6/12/2023,CRJ7,N539AE,KDCA,KHPN,1.4,KDCA KHPN
6/13/2023,CRJ7,N545PB,KHPN,KDCA,1.4,KDCA KHPN
6/13/2023,CRJ7,N545PB,KDCA,KALB,1.4,KDCA KALB
6/13/2023,CRJ7,N545PB,KALB,KDCA,1.5,KDCA KALB
6/13/2023,CRJ7,N545PB,KDCA,KMHT,1.6,KDCA KMHT
6/14/2023,CRJ9,N568NN,KMHT,KDCA,1.9,KDCA KMHT
6/20/2023,CRJ7,N509AE,KDCA,KJAX,2.2,KDCA KJAX
6/20/2023,CRJ7,N509AE,KJAX,KDCA,1.8,KDCA KJAX
6/20/2023,CRJ7,N538EG,KDCA,KHPN,1.2,KDCA KHPN
6/21/2023,CRJ7,N538EG,KHPN,KDCA,1.2,KDCA KHPN
6/21/2023,CRJ7,N538EG,KDCA,KALB,1.5,KDCA KALB
6/21/2023,CRJ7,N538EG,KALB,KDCA,1.3,KDCA KALB
6/21/2023,CRJ7,N538EG,KDCA,KMHT,1.5,KDCA KMHT
6/22/2023,CRJ9,N586NN,KMHT,KDCA,2,KDCA KMHT
6/22/2023,CRJ9,N573NN,KDCA,KCHS,1.7,KDCA KCHS
6/23/2023,CRJ7,N541EA,KCHS,KDCA,1.9,KDCA KCHS
6/25/2023,CRJ7,N506AE,KDCA,KCAE,1.6,KDCA KCAE
6/25/2023,CRJ7,N506AE,KCAE,KDCA,1.5,KDCA KCAE
6/28/2023,CRJ7,N509AE,KDCA,KALB,1.6,KDCA KALB
6/28/2023,CRJ7,N509AE,KALB,KDCA,1.4,KDCA KALB
6/29/2023,CRJ7,N527EA,KDCA,KDTW,1.8,KDCA KDTW
6/29/2023,CRJ7,N527EA,KDTW,KDCA,1.4,KDCA KDTW
6/29/2023,CRJ7,N500AE,KDCA,KMCI,2.8,KDCA KMCI
6/30/2023,CRJ9,N547NN,KMCI,KDCA,2.7,KDCA KMCI
6/30/2023,CRJ9,N548NN,KDCA,KCLE,1.3,KDCA KCLE
7/1/2023,CRJ9,N580NN,KCLT,KCVG,1.9,KCLT KCVG
7/2/2023,CRJ9,N547NN,KCVG,KDCA,1.7,KDCA KCVG
7/2/2023,CRJ7,N546FF,KDCA,KMGM,2.2,KDCA KMGM
7/2/2023,CRJ7,N546FF,KMGM,KDCA,1.9,KDCA KMGM
7/5/2023,CRJ9,N555NN,KMCI,KDCA,2.3,KDCA KMCI
7/5/2023,CRJ9,N555NN,KDCA,KMHT,1.5,KDCA KMHT
7/6/2023,CRJ7,N540EG,KMHT,KDCA,1.6,KDCA KMHT
7/6/2023,CRJ7,N540EG,KDCA,KHSV,2,KDCA KHSV
7/7/2023,CRJ7,N526EA,KHSV,KDCA,1.9,KDCA KHSV
7/8/2023,CRJ7,N540EG,KDCA,KCMH,1.5,KDCA KCMH
7/8/2023,CRJ7,N540EG,KCMH,KDCA,1.3,KDCA KCMH
7/16/2023,CRJ9,N578NN,KPHL,KMCI,2.7,KPHL KMCI
7/17/2023,CRJ9,N609NN,KMCI,KDCA,2.5,KDCA KMCI
7/17/2023,CRJ9,N563NN,KDCA,KILM,1.3,KDCA KILM
7/17/2023,CRJ9,N563NN,KILM,KDCA,1.8,KDCA KILM
7/18/2023,CRJ7,N509AE,KDCA,KHPN,1.7,KDCA KHPN
7/18/2023,CRJ7,N509AE,KHPN,KDCA,1.3,KDCA KHPN
7/19/2023,CRJ7,N531EG,KDCA,KPIT,1.2,KDCA KPIT
7/19/2023,CRJ7,N531EG,KPIT,KDCA,1.2,KDCA KPIT
7/19/2023,CRJ7,N521AE,KDCA,KHPN,1.3,KDCA KHPN
7/20/2023,CRJ7,N530EA,KHPN,KDCA,1.2,KDCA KHPN
7/20/2023,CRJ9,N610NN,KDCA,KDSM,3.7,KDCA KDSM
7/21/2023,CRJ9,N610NN,KDSM,KDCA,2.1,KDCA KDSM
7/21/2023,CRJ9,N564NN,KDCA,KAGS,1.8,KDCA KAGS
7/21/2023,CRJ9,N564NN,KAGS,KDCA,2,KDCA KAGS
7/23/2023,CRJ7,N528EG,KDCA,KPVD,1.5,KDCA KPVD
7/23/2023,CRJ7,N528EG,KPVD,KDCA,1.6,KDCA KPVD
7/23/2023,CRJ7,N528EG,KDCA,KCAE,1.5,KDCA KCAE
7/24/2023,CRJ7,N538EG,KCAE,KDCA,1.6,KDCA KCAE
7/24/2023,CRJ9,N608NN,KDCA,KMCI,2.9,KDCA KMCI
7/25/2023,CRJ7,N533AE,KMCI,KDCA,2.6,KDCA KMCI
8/3/2023,CRJ7,N508AE,KDCA,KHSV,2.2,KDCA KHSV
8/4/2023,CRJ7,N545PB,KHSV,KDCA,1.8,KDCA KHSV
8/7/2023,CRJ7,N535EA,KDCA,KBDL,1.3,KDCA KBDL
8/7/2023,CRJ7,N535EA,KBDL,KHSV,2.8,KBDL KHSV
8/8/2023,CRJ9,N551NN,KHSV,KDCA,2,KDCA KHSV
8/10/2023,CRJ7,N545PB,KDCA,KSDF,1.8,KDCA KSDF
8/10/2023,CRJ7,N545PB,KSDF,KDCA,1.8,KDCA KSDF
8/11/2023,CRJ7,N542EA,KDCA,KROC,2,KDCA KROC
8/11/2023,CRJ7,N507AE,KROC,KDCA,1.7,KDCA KROC
8/12/2023,CRJ7,N532EA,KCLT,KHPN,2.3,KCLT KHPN
8/13/2023,CRJ7,N533AE,KHPN,KDCA,1.1,KDCA KHPN
8/13/2023,CRJ7,N533AE,KDCA,KHPN,1.3,KDCA KHPN
8/13/2023,CRJ7,N533AE,KHPN,KDCA,1.2,KDCA KHPN
8/15/2023,CRJ7,N536EA,KDCA,KPIT,0.9,KDCA KPIT
8/15/2023,CRJ7,N536EA,KPIT,KDCA,1.6,KDCA KPIT
8/15/2023,CRJ9,N598NN,KDCA,KDAY,2.1,KDCA KDAY
8/15/2023,CRJ9,N598NN,KDAY,KDCA,1.6,KDCA KDAY
8/15/2023,CRJ7,N536EA,KDCA,KBUF,1.3,KDCA KBUF
8/16/2023,CRJ7,N500AE,KBUF,KDCA,1.3,KDCA KBUF
8/16/2023,CRJ7,N534AE,KDCA,KCLE,1.5,KDCA KCLE
8/16/2023,CRJ7,N534AE,KCLE,KDCA,1.2,KDCA KCLE
8/17/2023,CRJ7,N506AE,KCLT,KGNV,1.5,KCLT KGNV
8/17/2023,CRJ7,N506AE,KGNV,KCLT,1.6,KCLT KGNV
8/17/2023,CRJ9,N549NN,KCLT,KHSV,1.6,KCLT KHSV
8/18/2023,CRJ7,N544EA,KHSV,KDCA,1.8,KDCA KHSV
8/18/2023,CRJ7,N544EA,KDCA,KPVD,1.3,KDCA KPVD
8/18/2023,CRJ7,N544EA,KPVD,KDCA,1.8,KDCA KPVD
8/20/2023,CRJ7,N532EA,KDCA,KRDU,1.1,KDCA KRDU
8/20/2023,CRJ7,N532EA,KRDU,KDCA,1.4,KDCA KRDU
8/21/2023,CRJ9,N548NN,KDCA,KMSY,2.4,KDCA KMSY
8/21/2023,CRJ9,N548NN,KMSY,KDCA,2.7,KDCA KMSY
8/21/2023,CRJ9,N548NN,KDCA,KMEM,2.3,KDCA KMEM
8/22/2023,CRJ9,N577NN,KMEM,KDCA,2.2,KDCA KMEM
8/22/2023,CRJ9,N577NN,KDCA,KBTV,1.9,KDCA KBTV
8/23/2023,CRJ9,N607NN,KBTV,KDCA,1.6,KDCA KBTV
8/23/2023,CRJ7,N523AE,KDCA,KMYR,1.3,KDCA KMYR
8/23/2023,CRJ7,N523AE,KMYR,KDCA,1.4,KDCA KMYR
8/23/2023,CRJ7,N534AE,KDCA,KHPN,1.2,KDCA KHPN
8/24/2023,CRJ7,N539EA,KHPN,KDCA,1.2,KDCA KHPN
8/27/2023,CRJ9,N562NN,KBGR,KDCA,1.9,KDCA KBGR
8/27/2023,CRJ9,N606NN,KDCA,KSTL,2.4,KDCA KSTL
8/28/2023,CRJ9,N579NN,KSTL,KDCA,2.1,KDCA KSTL
8/28/2023,CRJ7,N511AE,KDCA,KLAN,1.5,KDCA KLAN
8/28/2023,CRJ7,N511AE,KLAN,KDCA,1.5,KDCA KLAN
8/28/2023,CRJ9,N581NN,KDCA,KTYS,1.8,KDCA KTYS
8/29/2023,CRJ9,N560NN,KTYS,KDCA,1.9,KDCA KTYS
8/29/2023,CRJ7,N546FF,KDCA,KALB,1.3,KDCA KALB
8/30/2023,CRJ9,N579NN,KALB,KDCA,1.5,KDCA KALB
9/4/2023,CRJ9,N578NN,KDCA,KROC,1.7,KDCA KROC
9/4/2023,CRJ9,N578NN,KROC,KDCA,1.2,KDCA KROC
9/4/2023,CRJ9,N591NN,KDCA,KTYS,2,KDCA KTYS
9/5/2023,CRJ7,N505AE,KDCA,KSDF,1.6,KDCA KSDF
9/5/2023,CRJ7,N505AE,KSDF,KDCA,1.7,KDCA KSDF
9/9/2023,CRJ7,N505AE,KDCA,KMSN,2.1,KDCA KMSN
9/9/2023,CRJ7,N505AE,KMSN,KDCA,2.2,KDCA KMSN
9/10/2023,CRJ9,N614NN,KDCA,CYYZ,2.2,KDCA CYYZ
9/11/2023,CRJ7,N527EA,CYYZ,KDCA,1.7,KDCA CYYZ
9/16/2023,CRJ9,N592NN,KCLT,KHSV,1.5,KCLT KHSV
9/17/2023,CRJ9,N579NN,KHSV,KDCA,1.7,KDCA KHSV
9/17/2023,CRJ7,N720PS,KDCA,CYYZ,1.6,KDCA CYYZ
9/17/2023,CRJ7,N720PS,CYYZ,KDCA,1.5,KDCA CYYZ
9/17/2023,CRJ7,N521AE,KDCA,KHSV,2.3,KDCA KHSV
9/21/2023,CRJ7,N530EA,KDCA,CYYZ,1.6,KDCA CYYZ
9/21/2023,CRJ7,N530EA,CYYZ,KDCA,1.4,KDCA CYYZ
9/21/2023,CRJ7,N522AE,KDCA,KTLH,2.2,KDCA KTLH
9/22/2023,CRJ9,N585NN,KTLH,KCLT,1.3,KCLT KTLH
9/22/2023,CRJ9,N562NN,KCLT,CYUL,2.5,KCLT CYUL
9/23/2023,CRJ7,N524AE,KPHL,KTYS,2.2,KPHL KTYS
9/24/2023,CRJ7,N537EA,KTYS,KDCA,1.6,KDCA KTYS
9/24/2023,CRJ7,N544EA,KDCA,KMSY,2.5,KDCA KMSY
9/24/2023,CRJ7,N544EA,KMSY,KDCA,2.7,KDCA KMSY
9/25/2023,CRJ7,N505AE,KDCA,KMSN,2.2,KDCA KMSN
9/25/2023,CRJ7,N505AE,KMSN,KDCA,2,KDCA KMSN
9/28/2023,CRJ7,N505AE,KDCA,KMSY,2.9,KDCA KMSY
9/28/2023,CRJ7,N505AE,KMSY,KDCA,2.3,KDCA KMSY
9/28/2023,CRJ7,N505AE,KDCA,KCAK,1.4,KDCA KCAK
9/29/2023,CRJ9,N596NN,KCLT,KLEX,1.1,KCLT KLEX
9/29/2023,CRJ9,N596NN,KLEX,KCLT,1.7,KCLT KLEX
9/29/2023,CRJ9,N596NN,KCLT,KMHT,2.2,KCLT KMHT
9/30/2023,CRJ7,N544EA,KDCA,KGRR,1.7,KDCA KGRR
10/1/2023,CRJ7,N514AE,KGRR,KDCA,1.7,KDCA KGRR
10/1/2023,CRJ7,N537EA,KDCA,KMGM,2.1,KDCA KMGM
10/1/2023,CRJ7,N537EA,KMGM,KDCA,2.3,KDCA KMGM
10/3/2023,CRJ7,N529EA,KDCA,KCLE,1.3,KDCA KCLE
10/4/2023,CRJ7,N539EA,KCLE,KDCA,1.6,KDCA KCLE
10/4/2023,CRJ7,N539EA,KDCA,KHSV,1.7,KDCA KHSV
10/4/2023,CRJ7,N539EA,KHSV,KDCA,2.1,KDCA KHSV
10/5/2023,CRJ7,N503AE,KDCA,KGSO,1.1,KDCA KGSO
10/5/2023,CRJ7,N503AE,KGSO,KDCA,1.3,KDCA KGSO
10/5/2023,CRJ7,N503AE,KDCA,KCAE,1.3,KDCA KCAE
10/6/2023,CRJ7,N500AE,KCAE,KDCA,1.4,KDCA KCAE
10/6/2023,CRJ9,N584NN,KDCA,KDSM,2.6,KDCA KDSM
10/7/2023,CRJ9,N578NN,KDSM,KDCA,2.3,KDCA KDSM
10/7/2023,CRJ7,N540EG,KDCA,KILM,1.3,KDCA KILM
10/8/2023,CRJ9,N599NN,KILM,KDCA,1.4,KDCA KILM
10/8/2023,CRJ9,N599NN,KDCA,KMSY,2.9,KDCA KMSY
10/8/2023,CRJ9,N599NN,KMSY,KDCA,2.7,KDCA KMSY
10/17/2023,CRJ9,N555NN,KDCA,KBGR,1.8,KDCA KBGR
10/17/2023,CRJ9,N555NN,KBGR,KDCA,1.9,KDCA KBGR
10/17/2023,CRJ9,N555NN,KDCA,KILM,1.5,KDCA KILM
10/18/2023,CRJ7,N520DC,KDCA,KRDU,1.3,KDCA KRDU
10/18/2023,CRJ7,N520DC,KRDU,KDCA,1.2,KDCA KRDU
10/18/2023,CRJ9,N577NN,KDCA,KTYS,1.9,KDCA KTYS
10/19/2023,CRJ7,N546FF,KTYS,KDCA,1.5,KDCA KTYS
10/19/2023,CRJ7,N530EA,KDCA,KPVD,1.3,KDCA KPVD
10/20/2023,CRJ7,N720PS,KPVD,KDCA,1.8,KDCA KPVD
10/20/2023,CRJ7,N720PS,KDCA,KMSN,2.3,KDCA KMSN
10/20/2023,CRJ7,N720PS,KMSN,KDCA,2,KDCA KMSN
10/21/2023,CRJ7,N508AE,KDCA,KATL,1.8,KDCA KATL
10/21/2023,CRJ7,N508AE,KATL,KDCA,1.8,KDCA KATL
10/27/2023,CRJ9,N563NN,KCLT,KBNA,1.5,KCLT KBNA
10/27/2023,CRJ9,N563NN,KBNA,KCLT,1.3,KCLT KBNA
10/28/2023,CRJ9,N572NN,KCLT,KBTV,2.4,KCLT KBTV
10/28/2023,CRJ9,N572NN,KBTV,KCLT,2,KCLT KBTV
10/28/2023,CRJ9,N548NN,KCLT,KSDF,1.5,KCLT KSDF
10/28/2023,CRJ9,N548NN,KSDF,KCLT,1.5,KCLT KSDF
10/29/2023,CRJ9,N616NN,KDCA,KBGR,1.9,KDCA KBGR
10/29/2023,CRJ9,N616NN,KBGR,KDCA,2.9,KDCA KBGR
10/29/2023,CRJ9,N616NN,KDCA,KILM,1.9,KDCA KILM
10/30/2023,CRJ9,N555NN,KILM,KDCA,1.2,KDCA KILM
10/30/2023,CRJ9,N555NN,KDCA,KMSY,2.9,KDCA KMSY
10/30/2023,CRJ9,N555NN,KMSY,KDCA,2.3,KDCA KMSY
10/30/2023,CRJ9,N554NN,KDCA,KORF,1.8,KDCA KORF
10/31/2023,CRJ7,N546FF,KDCA,KCHS,1.8,KDCA KCHS
10/31/2023,CRJ7,N546FF,KCHS,KDCA,1.3,KDCA KCHS
11/1/2023,CRJ7,N538EG,KDCA,KCAE,1.6,KDCA KCAE
11/1/2023,CRJ7,N538EG,KCAE,KDCA,1.5,KDCA KCAE
11/3/2023,CRJ7,N525AE,KDCA,KHPN,1.8,KDCA KHPN
11/3/2023,CRJ7,N525AE,KHPN,KDCA,1.3,KDCA KHPN
11/3/2023,CRJ7,N501BG,KDCA,KCAE,1.5,KDCA KCAE
11/16/2023,CRJ7,N530EA,KDCA,KBNA,1.8,KDCA KBNA
11/16/2023,CRJ7,N530EA,KBNA,KDCA,1.5,KDCA KBNA
11/16/2023,CRJ7,N530EA,KDCA,KCVG,1.5,KDCA KCVG
11/17/2023,CRJ7,N546FF,KCVG,KDCA,1.9,KDCA KCVG
11/17/2023,CRJ9,N616NN,KDCA,KDSM,2.6,KDCA KDSM
11/18/2023,CRJ9,N574NN,KDSM,KDCA,2.4,KDCA KDSM
11/18/2023,CRJ9,N596NN,KDCA,KDSM,2.6,KDCA KDSM
11/19/2023,CRJ9,N596NN,KDSM,KDCA,2.2,KDCA KDSM
11/19/2023,CRJ7,N500AE,KDCA,KHSV,1.9,KDCA KHSV
11/19/2023,CRJ7,N500AE,KHSV,KDCA,1.8,KDCA KHSV
11/22/2023,CRJ9,N583NN,KDCA,KROC,1.2,KDCA KROC
11/23/2023,CRJ9,N583NN,KROC,KDCA,1.3,KDCA KROC
11/24/2023,CRJ7,N537EA,KDCA,KSDF,1.6,KDCA KSDF
11/24/2023,CRJ7,N537EA,KSDF,KDCA,1.6,KDCA KSDF
11/24/2023,CRJ7,N537EA,KDCA,KCAK,1.3,KDCA KCAK
11/25/2023,CRJ7,N507AE,KCAK,KCLT,1.9,KCLT KCAK
11/25/2023,CRJ7,N507AE,KCLT,KLEX,1.2,KCLT KLEX
11/25/2023,CRJ7,N507AE,KLEX,KCLT,1.3,KCLT KLEX
11/25/2023,CRJ7,N537EA,KCLT,KTYS,1.1,KCLT KTYS
11/26/2023,CRJ7,N526EA,KDCA,KCAE,1.7,KDCA KCAE
11/26/2023,CRJ7,N526EA,KCAE,KDCA,1.4,KDCA KCAE
11/26/2023,CRJ7,N526EA,KDCA,KRDU,1.8,KDCA KRDU
11/26/2023,CRJ7,N526EA,KRDU,KDCA,1.2,KDCA KRDU
12/21/2023,CRJ7,N539EA,KDCA,KGSP,1.5,KDCA KGSP
12/21/2023,CRJ7,N539EA,KGSP,KDCA,1.4,KDCA KGSP
12/22/2023,CRJ7,N501BG,KDCA,KSYR,1.4,KDCA KSYR
12/22/2023,CRJ7,N501BG,KSYR,KDCA,1.3,KDCA KSYR
12/22/2023,CRJ7,N540EG,KDCA,KGSO,1.1,KDCA KGSO
12/23/2023,CRJ7,N510AE,KGSO,KDCA,1.2,KDCA KGSO
12/23/2023,CRJ9,N601EN,KDCA,KPNS,2.3,KDCA KPNS
12/24/2023,CRJ9,N600NN,KCLT,KHSV,1.5,KCLT KHSV
12/25/2023,CRJ7,N512AE,KHSV,KDCA,1.7,KDCA KHSV
12/25/2023,CRJ7,N533AE,KDCA,KMSN,2,KDCA KMSN
12/25/2023,CRJ7,N533AE,KMSN,KDCA,1.9,KDCA KMSN
12/26/2023,CRJ7,N539EA,KHPN,KDCA,1.4,KDCA KHPN
12/28/2023,CRJ7,N546FF,KDCA,KBNA,1.8,KDCA KBNA
12/28/2023,CRJ7,N546FF,KBNA,KDCA,1.6,KDCA KBNA
12/28/2023,CRJ9,N587NN,KDCA,KBDL,1.4,KDCA KBDL
12/29/2023,CRJ9,N606NN,KBDL,KDCA,1.3,KDCA KBDL
12/29/2023,CRJ9,N606NN,KDCA,KBHM,2,KDCA KBHM
12/30/2023,CRJ7,N535EA,KBHM,KDCA,1.7,KDCA KBHM
12/30/2023,CRJ7,N535EA,KDCA,KDSM,2.8,KDCA KDSM
12/31/2023,CRJ7,N705PS,KDSM,KDCA,2.6,KDCA KDSM
12/31/2023,CRJ7,N705PS,KDCA,KBGR,1.7,KDCA KBGR
12/31/2023,CRJ7,N705PS,KBGR,KDCA,2.1,KDCA KBGR
1/2/2024,CRJ9,N552NN,KDCA,KBDL,1.3,KDCA KBDL
1/3/2024,CRJ7,N539EA,KBDL,KDCA,1.2,KDCA KBDL
1/3/2024,CRJ7,N539EA,KDCA,KIND,2.1,KDCA KIND
1/3/2024,CRJ7,N539EA,KIND,KDCA,1.9,KDCA KIND
1/3/2024,CRJ7,N539EA,KDCA,KCVG,1.7,KDCA KCVG
1/7/2024,CRJ7,N702PS,KDCA,KCHS,1.9,KDCA KCHS
1/7/2024,CRJ7,N702PS,KCHS,KDCA,1.7,KDCA KCHS
1/7/2024,CRJ7,N533AE,KDCA,KCVG,2.2,KDCA KCVG
1/8/2024,CRJ7,N528EG,KCVG,KDCA,1.4,KDCA KCVG
1/8/2024,CRJ7,N529EA,KDCA,KTYS,1.8,KDCA KTYS
1/11/2024,CRJ7,N530EA,KDCA,KBTV,1.5,KDCA KBTV
1/11/2024,CRJ7,N530EA,KBTV,KDCA,1.9,KDCA KBTV
1/14/2024,CRJ7,N503AE,KDCA,KBNA,2.5,KDCA KBNA
1/14/2024,CRJ7,N503AE,KBNA,KDCA,1.7,KDCA KBNA
1/14/2024,CRJ7,N526EA,KDCA,KSAV,2.2,KDCA KSAV
1/15/2024,CRJ9,N550NN,KSAV,KCLT,1.2,KCLT KSAV
1/15/2024,CRJ9,N550NN,KCLT,KABE,1.6,KCLT KABE
1/16/2024,CRJ9,N562NN,KABE,KCLT,2.1,KCLT KABE
1/16/2024,CRJ9,N594NN,KCLT,KDCA,1.9,KDCA KCLT
1/17/2024,CRJ7,N520DC,KDCA,KMHT,2.4,KDCA KMHT
1/19/2024,CRJ7,N520DC,KDCA,KCAK,2.2,KDCA KCAK
1/20/2024,CRJ9,N607NN,KCAK,KCLT,1.6,KCLT KCAK
1/20/2024,CRJ9,N597NN,KCLT,KILM,1,KCLT KILM
1/20/2024,CRJ9,N597NN,KILM,KCLT,1.6,KCLT KILM
1/22/2024,CRJ7,N532EA,KDCA,KATL,1.9,KDCA KATL
1/22/2024,CRJ7,N532EA,KATL,KDCA,1.7,KDCA KATL
1/24/2024,CRJ7,N526EA,KDCA,KPWM,1.8,KDCA KPWM
1/24/2024,CRJ7,N526EA,KPWM,KDCA,2.7,KDCA KPWM
1/24/2024,CRJ7,N526EA,KDCA,KHSV,2.1,KDCA KHSV
1/25/2024,CRJ9,N596NN,KHSV,KDCA,2,KDCA KHSV
1/27/2024,CRJ7,N530EA,KBTV,KDCA,1.8,KDCA KBTV
1/27/2024,CRJ7,N530EA,KDCA,KPVD,1.4,KDCA KPVD
1/27/2024,CRJ7,N530EA,KPVD,KDCA,1.3,KDCA KPVD
1/31/2024,CRJ9,N618NN,KDCA,KPWM,1.8,KDCA KPWM
2/1/2024,CRJ7,N525AE,KPWM,KDCA,1.8,KDCA KPWM
2/4/2024,CRJ7,N519AE,KDCA,KSDF,1.5,KDCA KSDF
2/4/2024,CRJ7,N519AE,KSDF,KDCA,1.6,KDCA KSDF
2/4/2024,CRJ7,N501BG,KDCA,KCVG,1.4,KDCA KCVG
2/5/2024,CRJ7,N530EA,KCVG,KDCA,1.4,KDCA KCVG
2/5/2024,CRJ7,N538EG,KDCA,KTYS,1.5,KDCA KTYS
2/6/2024,CRJ9,N595NN,KCLT,KMLB,1.5,KCLT KMLB
2/7/2024,CRJ7,N522AE,KMLB,KCLT,1.7,KCLT KMLB
2/7/2024,CRJ9,N585NN,KCLT,CYYZ,2.2,KCLT CYYZ
2/7/2024,CRJ9,N585NN,CYYZ,KCLT,2,KCLT CYYZ
2/10/2024,CRJ9,N578NN,KDCA,KDAY,1.7,KDCA KDAY
2/10/2024,CRJ9,N603NN,KDAY,KDCA,1.3,KDCA KDAY
2/10/2024,CRJ9,N585NN,KDCA,KPHL,0.9,KDCA KPHL
2/10/2024,CRJ9,N585NN,KPHL,KBNA,2.4,KPHL KBNA
2/11/2024,CRJ9,N606NN,KBNA,KPHL,2,KBNA KPHL
2/11/2024,CRJ9,N606NN,KPHL,KATL,2.3,KPHL KATL
2/11/2024,CRJ9,N606NN,KATL,KPHL,1.8,KATL KPHL
2/11/2024,CRJ9,N606NN,KPHL,KBDL,1,KPHL KBDL
2/12/2024,CRJ9,N547NN,KBDL,KDCA,1.9,KDCA KBDL
2/12/2024,CRJ9,N547NN,KDCA,KDSM,2.8,KDCA KDSM
2/13/2024,CRJ9,N601EN,KDSM,KDCA,2.2,KDCA KDSM
2/13/2024,CRJ9,N549NN,KDCA,KBNA,1.9,KDCA KBNA
2/13/2024,CRJ9,N549NN,KBNA,KDCA,2.5,KDCA KBNA
2/18/2024,CRJ9,N561NN,KDCA,KMSY,3.1,KDCA KMSY
2/18/2024,CRJ9,N561NN,KMSY,KDCA,3.1,KDCA KMSY
2/18/2024,CRJ9,N561NN,KDCA,KBGR,1.7,KDCA KBGR
2/19/2024,CRJ7,N537EA,KBGR,KDCA,3.4,KDCA KBGR
2/19/2024,CRJ7,N514AE,KDCA,KTLH,2.2,KDCA KTLH
2/20/2024,CRJ9,N616NN,KCLT,KTYS,1.1,KCLT KTYS
2/21/2024,CRJ7,N537EA,KTYS,KDCA,1.8,KDCA KTYS
2/23/2024,CRJ7,N528EG,KDCA,KMKE,2.1,KDCA KMKE
2/23/2024,CRJ7,N528EG,KMKE,KDCA,2,KDCA KMKE
2/23/2024,CRJ7,N514AE,KDCA,KHPN,1.2,KDCA KHPN
2/24/2024,CRJ7,N508AE,KHPN,KDCA,1.2,KDCA KHPN
2/24/2024,CRJ7,N508AE,KDCA,KSAV,1.6,KDCA KSAV
2/25/2024,CRJ9,N576NN,KSAV,KDCA,1.7,KDCA KSAV
2/25/2024,CRJ9,N601EN,KDCA,KSDF,1.7,KDCA KSDF
2/25/2024,CRJ9,N601EN,KSDF,KDCA,1.6,KDCA KSDF
2/25/2024,CRJ9,N555NN,KDCA,KORF,1,KDCA KORF
2/26/2024,CRJ9,N549NN,KORF,KDCA,1.2,KDCA KORF
3/9/2024,CRJ7,N509AE,KCLT,KHPN,2,KCLT KHPN
3/9/2024,CRJ7,N509AE,KHPN,KCLT,2.2,KCLT KHPN
3/9/2024,CRJ7,N509AE,KCLT,KMLI,2.4,KCLT KMLI
3/10/2024,CRJ9,N576NN,KMLI,KCLT,2,KCLT KMLI
3/10/2024,CRJ9,N576NN,KCLT,KCHS,1.1,KCLT KCHS
3/10/2024,CRJ9,N576NN,KCHS,KCLT,1.1,KCLT KCHS
3/11/2024,CRJ7,N509AE,KDTW,KDCA,1.7,KDCA KDTW
3/11/2024,CRJ7,N509AE,KDCA,KILM,1.6,KDCA KILM
3/11/2024,CRJ7,N509AE,KILM,KDCA,1.4,KDCA KILM
3/11/2024,CRJ7,N507AE,KDCA,KBTV,1.7,KDCA KBTV
3/12/2024,CRJ9,N604NN,KBTV,KCLT,2.3,KCLT KBTV
3/12/2024,CRJ9,N604NN,KCLT,KAGS,1.2,KCLT KAGS
3/12/2024,CRJ9,N604NN,KAGS,KCLT,1.1,KCLT KAGS
3/16/2024,CRJ7,N534AE,KDCA,KSYR,1.1,KDCA KSYR
3/16/2024,CRJ7,N534AE,KSYR,KDCA,1.2,KDCA KSYR
3/16/2024,CRJ7,N523AE,KDCA,KCAK,1.3,KDCA KCAK
3/18/2024,CRJ7,N528EG,KDCA,KCAE,1.9,KDCA KCAE
3/18/2024,CRJ7,N528EG,KCAE,KDCA,1.2,KDCA KCAE
3/18/2024,CRJ7,N510AE,KDCA,KGSO,1.4,KDCA KGSO
3/19/2024,CRJ7,N516AE,KGSO,KDCA,1.1,KDCA KGSO
3/19/2024,CRJ7,N516AE,KDCA,KPVD,1.3,KDCA KPVD
3/19/2024,CRJ7,N516AE,KPVD,KDCA,1.4,KDCA KPVD
3/20/2024,CRJ9,N606NN,KDCA,KBNA,2,KDCA KBNA
3/20/2024,CRJ9,N606NN,KBNA,KDCA,1.7,KDCA KBNA
3/22/2024,CRJ7,N521AE,KDCA,KATL,2,KDCA KATL
3/22/2024,CRJ7,N521AE,KATL,KDCA,1.9,KDCA KATL
3/22/2024,CRJ7,N521AE,KDCA,KGSP,1.8,KDCA KGSP
3/23/2024,CRJ9,N576NN,KGSP,KCLT,1.1,KCLT KGSP
3/23/2024,CRJ9,N587NN,KCLT,KROC,1.9,KCLT KROC
3/23/2024,CRJ9,N587NN,KROC,KCLT,2,KCLT KROC
3/23/2024,CRJ9,N587NN,KCLT,KPNS,1.9,KCLT KPNS
3/24/2024,CRJ9,N584NN,KPNS,KCLT,1.7,KCLT KPNS
3/24/2024,CRJ7,N558NN,KCLT,KORF,1.3,KCLT KORF
3/25/2024,CRJ7,N538EG,KORF,KDCA,1,KDCA KORF
3/25/2024,CRJ9,N602NN,KDCA,KBNA,2.1,KDCA KBNA
3/25/2024,CRJ9,N602NN,KBNA,KDCA,1.8,KDCA KBNA
3/28/2024,CRJ7,N544EA,KDCA,KBNA,2,KDCA KBNA
3/28/2024,CRJ7,N544EA,KBNA,KDCA,1.7,KDCA KBNA
3/28/2024,CRJ7,N512AE,KDCA,KTYS,1.6,KDCA KTYS
3/29/2024,CRJ9,N613NN,KTYS,KCLT,1,KCLT KTYS
3/29/2024,CRJ9,N613NN,KCLT,KABE,1.7,KCLT KABE
3/29/2024,CRJ9,N613NN,KABE,KCLT,1.6,KCLT KABE
3/29/2024,CRJ9,N613NN,KCLT,KAVL,0.8,KCLT KAVL
3/30/2024,CRJ7,N500AE,KAVL,KDCA,1.4,KDCA KAVL
3/30/2024,CRJ7,N524AE,KDCA,KSAV,1.7,KDCA KSAV
3/31/2024,CRJ7,N518AE,KSAV,KDCA,1.7,KDCA KSAV
3/31/2024,CRJ7,N514AE,KDCA,KCAE,1.6,KDCA KCAE
3/31/2024,CRJ7,N514AE,KCAE,KDCA,1.9,KDCA KCAE
4/4/2024,CRJ9,N579NN,KCLT,KSGF,2.5,KCLT KSGF
4/4/2024,CRJ9,N579NN,KSGF,KCLT,2.1,KCLT KSGF
4/4/2024,CRJ9,N579NN,KCLT,KABE,1.7,KCLT KABE
4/5/2024,CRJ9,N579NN,KABE,KCLT,1.9,KCLT KABE
4/5/2024,CRJ9,N635NN,KCLT,KBHM,1.6,KCLT KBHM
4/6/2024,CRJ7,N518AE,KBHM,KCLT,1.6,KCLT KBHM
4/10/2024,CRJ7,N530EA,KDCA,KBDL,1.3,KDCA KBDL
4/11/2024,CRJ7,N702PS,KBDL,KDCA,1.6,KDCA KBDL
4/11/2024,CRJ7,N702PS,KDCA,KMYR,1.7,KDCA KMYR
4/11/2024,CRJ7,N702PS,KMYR,KDCA,2.9,KDCA KMYR
4/11/2024,CRJ7,N702PS,KDCA,KMHT,1.9,KDCA KMHT
4/12/2024,CRJ7,N510AE,KMHT,KDCA,1.7,KDCA KMHT
4/12/2024,CRJ7,N510AE,KDCA,KCVG,1.8,KDCA KCVG
4/12/2024,CRJ7,N510AE,KCVG,KDCA,1.5,KDCA KCVG
4/15/2024,CRJ7,N528EG,KDCA,KPVD,1.4,KDCA KPVD
4/15/2024,CRJ7,N528EG,KPVD,KDCA,1.6,KDCA KPVD
4/15/2024,CRJ7,N512AE,KDCA,KHPN,1.7,KDCA KHPN
4/15/2024,CRJ7,N512AE,KHPN,KDCA,2,KDCA KHPN
4/15/2024,CRJ7,N500AE,KDCA,KCAK,1.6,KDCA KCAK
4/16/2024,CRJ7,N538EG,KCAK,KDCA,1.7,KDCA KCAK
4/16/2024,CRJ7,N538EG,KDCA,KHSV,1.4,KDCA KHSV
4/17/2024,CRJ7,N545PB,KHSV,KDCA,1.7,KDCA KHSV
4/17/2024,CRJ7,N545PB,KDCA,KPIT,1.2,KDCA KPIT
4/17/2024,CRJ7,N500AE,KPIT,KDCA,1.7,KDCA KPIT
4/17/2024,CRJ7,N514AE,KDCA,KBGR,1.8,KDCA KBGR
4/21/2024,CRJ7,N514AE,KDCA,KPVD,1.6,KDCA KPVD
4/21/2024,CRJ7,N514AE,KPVD,KDCA,1.6,KDCA KPVD
4/21/2024,CRJ7,N507AE,KDCA,KCVG,1.8,KDCA KCVG
4/22/2024,CRJ9,N631NN,KCVG,KPHL,1.8,KCVG KPHL
4/22/2024,CRJ9,N563NN,KPHL,KSAV,1.8,KPHL KSAV
6/8/2024,CRJ7,N500AE,KDCA,KPVD,1.4,KDCA KPVD
6/8/2024,CRJ7,N500AE,KPVD,KDCA,1.5,KDCA KPVD
6/8/2024,CRJ7,N500AE,KDCA,KBUF,1.2,KDCA KBUF
6/9/2024,CRJ7,N516AE,KBUF,KDCA,1.8,KDCA KBUF
6/9/2024,CRJ7,N516AE,KDCA,KMSN,2.5,KDCA KMSN
6/10/2024,CRJ7,N500AE,KMSN,KDCA,2.1,KDCA KMSN
6/10/2024,CRJ7,N500AE,KDCA,KPVD,1.6,KDCA KPVD
6/10/2024,CRJ7,N500AE,KPVD,KDCA,1.6,KDCA KPVD
6/10/2024,CRJ7,N500AE,KDCA,KALB,1.4,KDCA KALB
6/11/2024,CRJ7,N520DC,KALB,KDCA,1.4,KDCA KALB
6/11/2024,CRJ7,N520DC,KDCA,KLAN,2.8,KDCA KLAN
6/11/2024,CRJ7,N520DC,KLAN,KDCA,1.6,KDCA KLAN
6/12/2024,CRJ9,N609NN,KJAN,KCLT,2.2,KCLT KJAN
6/15/2024,CRJ7,N507AE,KDCA,KTYS,2.3,KDCA KTYS
6/16/2024,CRJ9,N586NN,KTYS,KCLT,1.3,KCLT KTYS
6/16/2024,CRJ9,N566NN,KCLT,KMLB,1.5,KCLT KMLB
6/16/2024,CRJ9,N566NN,KMLB,KCLT,1.7,KCLT KMLB
6/16/2024,CRJ9,N566NN,KCLT,KDAY,1.7,KCLT KDAY
6/23/2024,CRJ7,N543EA,KALB,KDCA,1.9,KDCA KALB
6/23/2024,CRJ7,N503AE,KDCA,KCID,3.1,KDCA KCID
6/24/2024,CRJ7,N543EA,KCID,KDCA,2.5,KDCA KCID
6/24/2024,CRJ9,N595NN,KCLT,KSBN,1.8,KCLT KSBN
6/25/2024,CRJ9,N557NN,KSBN,KCLT,1.6,KCLT KSBN
6/25/2024,CRJ9,N557NN,KCLT,KABE,1.7,KCLT KABE
6/26/2024,CRJ7,N541EA,KABE,KCLT,1.7,KCLT KABE
6/26/2024,CRJ9,N593NN,KCLT,KMGM,1.9,KCLT KMGM
6/26/2024,CRJ9,N593NN,KMGM,KBHM,0.9,KMGM KBHM
6/26/2024,CRJ9,N593NN,KBHM,KCLT,1.6,KCLT KBHM
7/1/2024,CRJ7,N528EG,KORF,KDCA,1.5,KDCA KORF
7/6/2024,CRJ7,N515AE,KDCA,KMYR,1.4,KDCA KMYR
7/6/2024,CRJ7,N517AE,KMYR,KDCA,1.5,KDCA KMYR
7/6/2024,CRJ7,#REF!,KDCA,KALB,1.6,KDCA KALB
7/7/2024,CRJ7,N516AE,KALB,KDCA,1.4,KDCA KALB
7/7/2024,CRJ7,N516AE,KDCA,KDTW,1.4,KDCA KDTW
7/7/2024,CRJ7,N516AE,KDTW,KDCA,1.6,KDCA KDTW
7/7/2024,CRJ7,N514AE,KDCA,KSAV,2.1,KDCA KSAV
7/8/2024,CRJ9,N615NN,KSAV,KPHL,1.9,KSAV KPHL
7/8/2024,CRJ9,N615NN,KPHL,KSYR,1.2,KPHL KSYR
7/9/2024,CRJ9,N565NN,KSYR,KDCA,1.6,KDCA KSYR
7/9/2024,CRJ9,N565NN,KDCA,KATL,1.9,KDCA KATL
7/9/2024,CRJ9,N565NN,KATL,KDCA,3.1,KDCA KATL
7/13/2024,CRJ7,N514AE,KDCA,KHSV,2,KDCA KHSV
7/13/2024,CRJ7,N514AE,KHSV,KDCA,1.7,KDCA KHSV
7/13/2024,CRJ7,N507AE,KDCA,KCAK,1.2,KDCA KCAK
7/14/2024,CRJ7,N500AE,KCAK,KCLT,2.1,KCLT KCAK
7/14/2024,CRJ9,N616NN,KCLT,KJAN,1.9,KCLT KJAN
7/15/2024,CRJ9,N614NN,KJAN,KCLT,1.8,KCLT KJAN
7/21/2024,CRJ7,N705PS,KDCA,CYYZ,1.6,KDCA CYYZ
7/21/2024,CRJ7,N705PS,CYYZ,KDCA,1.7,KDCA CYYZ
7/21/2024,CRJ7,N705PS,KDCA,KAGS,1.8,KDCA KAGS
7/22/2024,CRJ9,N610NN,KAGS,KDFW,2.9,KAGS KDFW
7/22/2024,CRJ9,N562NN,KDFW,KMYR,2.7,KDFW KMYR
7/23/2024,CRJ9,N634NN,KMYR,KPHL,1.6,KMYR KPHL
7/23/2024,CRJ9,N596NN,KPHL,KBUF,1.3,KPHL KBUF
7/24/2024,CRJ7,N534AE,KBUF,KDCA,1.7,KDCA KBUF
7/28/2024,CRJ9,N557NN,KDCA,KCLT,1.6,KCLT KDCA
7/28/2024,CRJ9,N557NN,KCLT,KTYS,0.9,KCLT KTYS
7/28/2024,CRJ9,N557NN,KTYS,KCLT,1.4,KCLT KTYS
7/28/2024,CRJ9,N615NN,KCLT,KJAN,1.9,KCLT KJAN
7/29/2024,CRJ9,N588NN,KJAN,KCLT,2.2,KCLT KJAN
7/29/2024,CRJ9,N588NN,KCLT,KDCA,2,KDCA KCLT
7/29/2024,CRJ7,N510AE,KDCA,KGSO,1.1,KDCA KGSO
7/30/2024,CRJ9,N613NN,KGSO,KCLT,1.4,KCLT KGSO
7/30/2024,CRJ9,N613NN,KCLT,KLEX,1.5,KCLT KLEX
7/30/2024,CRJ9,N613NN,KLEX,KCLT,1.6,KCLT KLEX
7/30/2024,CRJ9,N613NN,KCLT,KAGS,0.9,KCLT KAGS
7/31/2024,CRJ7,N529EA,KAGS,KDCA,1.5,KDCA KAGS
7/31/2024,CRJ7,N529EA,KDCA,KPIT,1.1,KDCA KPIT
7/31/2024,CRJ7,N529EA,KPIT,KDCA,1.1,KDCA KPIT
8/11/2024,CRJ9,N577NN,KDCA,KCLT,1.5,KCLT KDCA
8/11/2024,CRJ9,N577NN,KCLT,KSDF,1.5,KCLT KSDF
8/11/2024,CRJ9,N577NN,KSDF,KCLT,1.6,KCLT KSDF
8/11/2024,CRJ9,N553NN,KCLT,CYYZ,2.1,KCLT CYYZ
8/13/2024,CRJ9,N551NN,KCLT,KBTV,2.5,KCLT KBTV
8/14/2024,CRJ7,N513AE,KBTV,KDCA,1.7,KDCA KBTV
8/14/2024,CRJ7,N513AE,KDCA,KBNA,2,KDCA KBNA
8/14/2024,CRJ7,N513AE,KBNA,KDCA,1.8,KDCA KBNA
8/18/2024,CRJ7,N503AE,KDCA,KCHS,1.8,KDCA KCHS
8/18/2024,CRJ7,N503AE,KCHS,KDCA,1.7,KDCA KCHS
8/18/2024,CRJ7,N503AE,KDCA,KMSN,2.3,KDCA KMSN
8/19/2024,CRJ9,N612NN,KMSN,KCLT,2.3,KCLT KMSN
8/19/2024,CRJ9,N612NN,KCLT,KSBN,1.9,KCLT KSBN
8/20/2024,CRJ9,N556NN,KSBN,KCLT,2.2,KCLT KSBN
8/20/2024,CRJ9,N556NN,KCLT,KBGR,2.2,KCLT KBGR
8/21/2024,CRJ7,N512AE,KBGR,KDCA,2.2,KDCA KBGR
8/21/2024,CRJ7,N512AE,KDCA,KATL,2,KDCA KATL
8/21/2024,CRJ7,N512AE,KATL,KDCA,2,KDCA KATL
8/24/2024,CRJ7,N705PS,KDCA,KGRR,1.8,KDCA KGRR
8/24/2024,CRJ7,N705PS,KGRR,KDCA,1.7,KDCA KGRR
8/24/2024,CRJ7,N705PS,KDCA,KPVD,1.6,KDCA KPVD
8/25/2024,CRJ7,N507AE,KPVD,KDCA,1.6,KDCA KPVD
8/25/2024,CRJ7,N524AE,KDCA,KPVD,1.6,KDCA KPVD
8/25/2024,CRJ7,N524AE,KPVD,KDCA,1.6,KDCA KPVD
8/25/2024,CRJ7,N507AE,KDCA,KGSO,1.2,KDCA KGSO
8/26/2024,CRJ7,N543EA,KGSO,KDCA,1.3,KDCA KGSO
8/26/2024,CRJ7,N508AE,KDCA,KSAV,1.9,KDCA KSAV
8/27/2024,CRJ9,N562NN,KSAV,KDCA,1.8,KDCA KSAV
8/27/2024,CRJ9,N562NN,KDCA,KTUL,3.1,KDCA KTUL
8/27/2024,CRJ9,N562NN,KTUL,KDCA,2.9,KDCA KTUL
8/30/2024,CRJ7,N520DC,KDCA,KHSV,1.9,KDCA KHSV
8/30/2024,CRJ7,N520DC,KHSV,KDCA,1.7,KDCA KHSV
8/30/2024,CRJ7,N520DC,KDCA,KBUF,1.1,KDCA KBUF
9/1/2024,CRJ9,N576NN,KDCA,KCLT,1.5,KCLT KDCA
9/1/2024,CRJ9,N605NN,KCLT,KMYR,1,KCLT KMYR
9/2/2024,CRJ9,N570NN,KGSP,KDCA,1.6,KDCA KGSP
9/2/2024,CRJ7,N520DC,KDCA,KICT,3.1,KDCA KICT
9/2/2024,CRJ7,N520DC,KICT,KDCA,2.8,KDCA KICT
9/7/2024,CRJ7,N529EA,KDCA,KCHS,1.7,KDCA KCHS
9/7/2024,CRJ7,N529EA,KCHS,KDCA,1.4,KDCA KCHS
9/7/2024,CRJ7,N542EA,KDCA,KHPN,1.5,KDCA KHPN
9/8/2024,CRJ7,N543EA,KHPN,KCLT,2,KCLT KHPN
9/8/2024,CRJ7,N537EA,KCLT,KCAK,1.5,KCLT KCAK
9/9/2024,CRJ7,N537EA,KCAK,KCLT,1.7,KCLT KCAK
9/9/2024,CRJ7,N537EA,KCLT,KBTR,2.3,KCLT KBTR
9/10/2024,CRJ7,N540EG,KBTR,KDCA,4.2,KDCA KBTR
9/10/2024,CRJ7,N508AE,KDCA,KPVD,1.5,KDCA KPVD
9/10/2024,CRJ7,N508AE,KPVD,KDCA,1.4,KDCA KPVD
9/13/2024,CRJ9,N555NN,KDCA,CYYZ,1.4,KDCA CYYZ
9/13/2024,CRJ9,N555NN,CYYZ,KDCA,1.6,KDCA CYYZ
9/13/2024,CRJ7,N526EA,KDCA,KCRW,1.2,KDCA KCRW
9/14/2024,CRJ7,N502AE,KCRW,KCLT,1.1,KCLT KCRW
9/14/2024,CRJ9,N596NN,KCLT,KMLI,1.9,KCLT KMLI
9/15/2024,CRJ9,N609NN,KMLI,KCLT,2.3,KCLT KMLI
9/15/2024,CRJ9,N609NN,KCLT,KCAE,1.3,KCLT KCAE
9/16/2024,CRJ7,N528EG,KCAE,KDCA,1.3,KDCA KCAE
10/21/2024,CRJ7,N546FF,KDCA,KRDU,1.4,KDCA KRDU
10/21/2024,CRJ7,N546FF,KRDU,KDCA,1,KDCA KRDU
10/21/2024,CRJ7,N705PS,KDCA,KGSO,1.3,KDCA KGSO
10/22/2024,CRJ9,N569NN,KGSO,KCLT,1,KCLT KGSO
10/22/2024,CRJ9,N569NN,KCLT,KGSP,0.9,KCLT KGSP
10/23/2024,CRJ7,N530EA,KGSP,KCLT,1,KCLT KGSP
10/23/2024,CRJ7,N702PS,KCLT,KJAN,2.4,KCLT KJAN
10/24/2024,CRJ7,N702PS,KJAN,KDCA,2.3,KDCA KJAN
10/24/2024,CRJ7,N539EA,KDCA,KMSN,2,KDCA KMSN
10/24/2024,CRJ7,N539EA,KMSN,KDCA,2.1,KDCA KMSN
10/27/2024,CRJ7,N537EA,KDCA,KILM,1.6,KDCA KILM
10/27/2024,CRJ7,N537EA,KILM,KDCA,1.2,KDCA KILM
10/27/2024,CRJ7,N537EA,KDCA,KCLE,1.5,KDCA KCLE
10/28/2024,CRJ7,N710PS,KCLE,KDCA,1.6,KDCA KCLE
10/28/2024,CRJ7,N500AE,KDCA,KDAY,1.5,KDCA KDAY
10/28/2024,CRJ7,N500AE,KDAY,KDCA,1.4,KDCA KDAY
10/28/2024,CRJ7,N500AE,KDCA,KALB,1.4,KDCA KALB
10/29/2024,CRJ7,N528EG,KALB,KDCA,1.4,KDCA KALB
10/29/2024,CRJ7,N528EG,KDCA,KSAV,1.7,KDCA KSAV
10/30/2024,CRJ7,N530EA,KSAV,KDCA,1.7,KDCA KSAV
10/30/2024,CRJ7,N525AE,KDCA,KCVG,1.6,KDCA KCVG
10/30/2024,CRJ7,N525AE,KCVG,KDCA,2.2,KDCA KCVG
11/3/2024,CRJ7,N518AE,KDCA,KMKE,1.9,KDCA KMKE
11/4/2024,CRJ9,N590NN,KPHL,KCVG,1.9,KPHL KCVG
11/5/2024,CRJ7,N525AE,KCVG,KDCA,1.5,KDCA KCVG
11/5/2024,CRJ7,N525AE,KDCA,KICT,3.4,KDCA KICT
11/5/2024,CRJ7,N525AE,KICT,KDCA,2.7,KDCA KICT
11/9/2024,CRJ7,N506AE,KDCA,KORF,1,KDCA KORF
11/9/2024,CRJ7,N506AE,KORF,KDCA,1.3,KDCA KORF
11/9/2024,CRJ7,N708PS,KDCA,KATL,2.2,KDCA KATL
11/10/2024,CRJ7,N708PS,KATL,KDCA,1.7,KDCA KATL
11/10/2024,CRJ7,N708PS,KDCA,KBNA,2.8,KDCA KBNA
11/11/2024,CRJ7,N526EA,KBNA,KDCA,1.7,KDCA KBNA
11/11/2024,CRJ9,N572NN,KDCA,KTYS,2.2,KDCA KTYS
11/12/2024,CRJ7,N521AE,KTYS,KDCA,1.5,KDCA KTYS
11/12/2024,CRJ9,N577NN,KDCA,KOKC,3.4,KDCA KOKC
11/12/2024,CRJ9,N577NN,KOKC,KDCA,2.7,KDCA KOKC
11/17/2024,CRJ7,N519AE,KDCA,KORF,1.1,KDCA KORF
11/18/2024,CRJ7,N705PS,KORF,KDCA,0.9,KDCA KORF
11/18/2024,CRJ7,N501BG,KDCA,KDAY,1.7,KDCA KDAY
11/18/2024,CRJ7,N501BG,KDAY,KDCA,1.5,KDCA KDAY
11/18/2024,CRJ7,N515AE,KDCA,KROC,1.4,KDCA KROC
11/19/2024,CRJ7,N517AE,KROC,KDCA,1.5,KDCA KROC
11/19/2024,CRJ7,N544EA,KDCA,KMSN,2.1,KDCA KMSN
11/20/2024,CRJ7,N532EA,KMSN,KDCA,2.1,KDCA KMSN
11/20/2024,CRJ7,N725PS,KDCA,KCAE,1.5,KDCA KCAE
11/20/2024,CRJ7,N725PS,KCAE,KDCA,1.4,KDCA KCAE
11/24/2024,CRJ7,N527EA,KDCA,KPVD,1.4,KDCA KPVD
11/24/2024,CRJ7,N527EA,KPVD,KDCA,1.5,KDCA KPVD
11/24/2024,CRJ7,N539EA,KDCA,KMCI,3.5,KDCA KMCI
11/25/2024,CRJ9,N614NN,KMCI,KPHL,2.4,KMCI KPHL
11/26/2024,CRJ9,N577NN,KDCA,KMHT,1.8,KDCA KMHT
11/27/2024,CRJ7,N513AE,KMHT,KDCA,1.7,KDCA KMHT
11/27/2024,CRJ7,N513AE,KDCA,KCHA,1.8,KDCA KCHA
11/27/2024,CRJ7,N513AE,KCHA,KDCA,1.7,KDCA KCHA
12/3/2024,CRJ9,N610NN,KDCA,KMHT,1.7,KDCA KMHT
12/3/2024,CRJ9,N610NN,KMHT,KDCA,1.8,KDCA KMHT
12/6/2024,CRJ9,N601EN,KDCA,KROC,1.4,KDCA KROC
12/6/2024,CRJ9,N601EN,KROC,KDCA,1.2,KDCA KROC
12/9/2024,CRJ7,N708PS,KDCA,KATL,1.9,KDCA KATL
12/9/2024,CRJ7,N708PS,KATL,KDCA,2.3,KDCA KATL
12/9/2024,CRJ7,N719PS,KDCA,KCVG,1.7,KDCA KCVG
12/10/2024,CRJ7,N520DC,KCVG,KDCA,1.8,KDCA KCVG
12/10/2024,CRJ7,N531EG,KDCA,KGRR,1.9,KDCA KGRR
12/11/2024,CRJ7,N520DC,KGRR,KDCA,2.9,KDCA KGRR
12/11/2024,CRJ7,N702PS,KDCA,KHSV,2,KDCA KHSV
12/12/2024,CRJ9,N629NN,KHSV,KDCA,1.7,KDCA KHSV
12/15/2024,CRJ9,N556NN,KDCA,KMSP,2.6,KDCA KMSP
12/15/2024,CRJ9,N556NN,KMSP,KDCA,2.4,KDCA KMSP
12/15/2024,CRJ9,N556NN,KDCA,KTYS,2,KDCA KTYS
12/16/2024,CRJ7,N528EG,KTYS,KDCA,1.8,KDCA KTYS
12/16/2024,CRJ7,N521AE,KDCA,KGSO,1.9,KDCA KGSO
12/17/2024,CRJ7,N535EA,KGSO,KDCA,1,KDCA KGSO
12/17/2024,CRJ7,N535EA,KDCA,KDSM,2.8,KDCA KDSM
12/18/2024,CRJ9,N556NN,KDCA,KBNA,2,KDCA KBNA
12/18/2024,CRJ9,N556NN,KBNA,KDCA,1.9,KDCA KBNA
12/21/2024,CRJ7,N716PS,KDCA,KBUF,1.3,KDCA KBUF
12/22/2024,CRJ7,N518AE,KBUF,KDCA,1.4,KDCA KBUF
12/22/2024,CRJ7,N518AE,KDCA,KSAV,2,KDCA KSAV
12/23/2024,CRJ7,N511AE,KSAV,KDCA,1.6,KDCA KSAV
12/23/2024,CRJ7,N536EA,KDCA,KBHM,1.9,KDCA KBHM
12/24/2024,CRJ7,N527EA,KBHM,KDCA,2.2,KDCA KBHM
12/27/2024,CRJ9,N576NN,KCLT,KOKC,2.7,KCLT KOKC
12/27/2024,CRJ9,N576NN,KOKC,KCLT,2.7,KCLT KOKC
12/27/2024,CRJ9,N576NN,KCLT,KMYR,0.9,KCLT KMYR
12/28/2024,CRJ9,N634NN,KMYR,KCLT,1.1,KCLT KMYR
12/28/2024,CRJ9,N598NN,KCLT,KCHS,1,KCLT KCHS
12/28/2024,CRJ9,N598NN,KCHS,KCLT,1,KCLT KCHS
12/28/2024,CRJ9,N632NN,KCLT,KGSP,0.9,KCLT KGSP
12/29/2024,CRJ9,N564NN,KGSP,KCLT,1,KCLT KGSP
12/29/2024,CRJ9,N564NN,KCLT,KOAJ,1.4,KCLT KOAJ
12/30/2024,CRJ9,N556NN,KOAJ,KCLT,1,KCLT KOAJ
12/30/2024,CRJ9,N556NN,KCLT,KMSN,2.3,KCLT KMSN
12/30/2024,CRJ9,N556NN,KMSN,KCLT,2,KCLT KMSN
1/7/2025,CRJ7,N525AE,KDCA,KCHS,1.9,KDCA KCHS
1/7/2025,CRJ7,N525AE,KCHS,KDCA,2.1,KDCA KCHS
1/7/2025,CRJ7,N510AE,KDCA,KCAK,1.6,KDCA KCAK
1/8/2025,CRJ9,N591NN,KCAK,KCLT,2.1,KCLT KCAK
1/8/2025,CRJ9,N591NN,KCLT,KHSV,1.6,KCLT KHSV
1/9/2025,CRJ7,N507AE,KHSV,KDCA,2.1,KDCA KHSV
1/9/2025,CRJ7,N541EA,KDCA,KORF,0.9,KDCA KORF
1/10/2025,CRJ7,N516AE,KORF,KDCA,2.6,KDCA KORF
1/13/2025,CRJ7,N535EA,KDCA,KCHS,1.8,KDCA KCHS
1/13/2025,CRJ7,N535EA,KCHS,KDCA,1.3,KDCA KCHS
1/13/2025,CRJ7,N543EA,KDCA,KROC,1.4,KDCA KROC
1/14/2025,CRJ9,N600NN,KROC,KDCA,1.5,KDCA KROC
1/14/2025,CRJ7,N710PS,KDCA,KCVG,2.5,KDCA KCVG
1/15/2025,CRJ7,N538EG,KCVG,KDCA,1.5,KDCA KCVG
1/15/2025,CRJ7,N538EG,KDCA,CYYZ,1.4,KDCA CYYZ
1/15/2025,CRJ7,N538EG,CYYZ,KDCA,2.1,KDCA CYYZ
1/15/2025,CRJ7,N515AE,KDCA,KORF,1.1,KDCA KORF
1/16/2025,CRJ7,N544EA,KORF,KDCA,1.2,KDCA KORF
1/16/2025,CRJ7,N544EA,KDCA,KAVL,1.4,KDCA KAVL
1/16/2025,CRJ7,N544EA,KAVL,KDCA,1.6,KDCA KAVL
1/19/2025,CRJ7,N716PS,KDCA,KLAN,2.5,KDCA KLAN
1/19/2025,CRJ7,N716PS,KLAN,KBTR,2.8,KLAN KBTR
1/20/2025,CRJ9,N553NN,KCLT,KMLI,2.5,KCLT KMLI
1/21/2025,CRJ9,N578NN,KMLI,KCLT,2.2,KCLT KMLI
1/22/2025,CRJ7,N530EA,KCLT,KHPN,2,KCLT KHPN
1/22/2025,CRJ7,N530EA,KHPN,KDCA,1.5,KDCA KHPN
1/26/2025,CRJ7,N521AE,KDCA,KAGS,1.7,KDCA KAGS
1/27/2025,CRJ9,N553NN,KAGS,KCLT,1.2,KCLT KAGS
1/27/2025,CRJ7,N725PS,KCLT,KBHM,1.7,KCLT KBHM
1/28/2025,CRJ7,N544EA,KBHM,KDCA,2.1,KDCA KBHM
1/28/2025,CRJ7,N544EA,KDCA,KCID,2.5,KDCA KCID
1/28/2025,CRJ7,N544EA,KCID,KDCA,1.9,KDCA KCID
1/31/2025,CRJ7,N543EA,KDCA,KSYR,1.6,KDCA KSYR
2/1/2025,CRJ7,N543EA,KSYR,KDCA,1.8,KDCA KSYR
2/1/2025,CRJ9,N561NN,KDCA,KPNS,2.4,KDCA KPNS
2/2/2025,CRJ9,N632NN,KPNS,KDCA,2.1,KDCA KPNS
2/2/2025,CRJ9,N632NN,KDCA,KPWM,1.8,KDCA KPWM
2/3/2025,CRJ9,N630NN,KPWM,KPHL,2.3,KPWM KPHL
2/3/2025,CRJ9,N550NN,KPHL,CYYZ,2,KPHL CYYZ
2/3/2025,CRJ9,N550NN,CYYZ,KDCA,1.7,KDCA CYYZ
2/6/2025,CRJ7,N516AE,KDCA,KMGM,2.1,KDCA KMGM
2/6/2025,CRJ7,N516AE,KMGM,KALB,2.8,KMGM KALB
2/7/2025,CRJ9,N629NN,KCLT,KMLI,2.3,KCLT KMLI
2/8/2025,CRJ9,N579NN,KMLI,KCLT,2,KCLT KMLI
2/8/2025,CRJ9,N575NN,KCLT,KHSV,1.4,KCLT KHSV
2/9/2025,CRJ7,N712PS,KHSV,KDCA,1.8,KDCA KHSV
2/9/2025,CRJ7,N537EA,KDCA,KCAE,1.9,KDCA KCAE
2/9/2025,CRJ7,N537EA,KCAE,KDCA,2.5,KDCA KCAE
2/12/2025,CRJ7,N523AE,KDCA,KMSY,3,KDCA KMSY
2/12/2025,CRJ7,N523AE,KMSY,KDCA,2.2,KDCA KMSY
2/12/2025,CRJ7,N516AE,KDCA,KCRW,1.2,KDCA KCRW
2/13/2025,CRJ9,N567NN,KCRW,KCLT,2.4,KCLT KCRW
2/13/2025,CRJ9,N567NN,KCLT,KCAE,0.9,KCLT KCAE
2/13/2025,CRJ9,N567NN,KCAE,KCLT,1.1,KCLT KCAE
2/13/2025,CRJ7,N537EA,KCLT,KTYS,1.1,KCLT KTYS
2/14/2025,CRJ7,N526EA,KTYS,KDCA,1.7,KDCA KTYS
2/14/2025,CRJ9,N577NN,KDCA,KPWM,1.8,KDCA KPWM
2/15/2025,CRJ7,N523AE,KPWM,KIAD,2.5,KPWM KIAD
2/16/2025,CRJ7,N523AE,KIAD,KDCA,1,KDCA KIAD
2/23/2025,CRJ7,N521AE,KDCA,KIND,1.8,KDCA KIND
2/23/2025,CRJ7,N521AE,KIND,KDCA,1.7,KDCA KIND
2/23/2025,CRJ7,N521AE,KDCA,KSTL,2.3,KDCA KSTL
2/24/2025,CRJ7,N710PS,KSTL,KDCA,2.6,KDCA KSTL
2/24/2025,CRJ7,N500AE,KDCA,KMHT,1.5,KDCA KMHT
2/25/2025,CRJ7,N712PS,KMHT,KDCA,2,KDCA KMHT
2/25/2025,CRJ7,N540EG,KDCA,KCAK,1.5,KDCA KCAK
2/28/2025,CRJ7,N503AE,KDCA,KMEM,2.6,KDCA KMEM
2/28/2025,CRJ7,N503AE,KMEM,KDCA,3.2,KDCA KMEM
3/2/2025,CRJ7,N531EG,KDCA,KCHS,1.8,KDCA KCHS
3/2/2025,CRJ7,N531EG,KCHS,KDCA,1.8,KDCA KCHS
3/2/2025,CRJ7,N515AE,KDCA,KGRR,2.1,KDCA KGRR
3/3/2025,CRJ7,N517AE,KGRR,KDCA,1.5,KDCA KGRR
3/3/2025,CRJ7,N517AE,KDCA,KGSP,1.5,KDCA KGSP
3/3/2025,CRJ7,N517AE,KGSP,KDCA,1.5,KDCA KGSP
3/6/2025,CRJ7,N543EA,KDCA,KMHT,2,KDCA KMHT
3/6/2025,CRJ7,N543EA,KMHT,KDCA,2,KDCA KMHT
3/6/2025,CRJ7,N543EA,KDCA,KHSV,2.1,KDCA KHSV
3/7/2025,CRJ9,N565NN,KHSV,KCLT,1.3,KCLT KHSV
3/7/2025,CRJ9,N554NN,KCLT,KGSP,0.8,KCLT KGSP
3/7/2025,CRJ9,N554NN,KGSP,KCLT,1,KCLT KGSP
3/7/2025,CRJ9,N554NN,KCLT,KHSV,1.5,KCLT KHSV
3/8/2025,CRJ7,N725PS,KHSV,KDCA,1.8,KDCA KHSV
3/8/2025,CRJ7,N725PS,KDCA,KMSN,2.2,KDCA KMSN
3/9/2025,CRJ7,N702PS,KMSN,KDCA,1.9,KDCA KMSN
3/9/2025,CRJ7,N710PS,KDCA,KGSP,1.9,KDCA KGSP
3/9/2025,CRJ7,N710PS,KGSP,KDCA,2.4,KDCA KGSP
3/12/2025,CRJ7,N530EA,KDCA,KMSY,2.7,KDCA KMSY
3/12/2025,CRJ7,N530EA,KMSY,KDCA,2.4,KDCA KMSY
3/12/2025,CRJ9,N581NN,KDCA,KORF,0.8,KDCA KORF
3/13/2025,CRJ7,N545PB,KORF,KDCA,1.2,KDCA KORF
3/14/2025,CRJ7,N519AE,KDCA,KBDL,1.5,KDCA KBDL
3/15/2025,CRJ9,N572NN,KBDL,KPHL,1.4,KBDL KPHL
3/15/2025,CRJ9,N572NN,KPHL,CYYZ,1.6,KPHL CYYZ
3/15/2025,CRJ9,N572NN,CYYZ,KDCA,1.6,KDCA CYYZ
3/25/2025,CRJ7,N533AE,KDCA,KMHT,1.5,KDCA KMHT
3/25/2025,CRJ9,N574NN,KMHT,KDCA,2.1,KDCA KMHT
3/25/2025,CRJ7,N537EA,KDCA,KAGS,1.9,KDCA KAGS
3/26/2025,CRJ7,N539EA,KAGS,KCLT,1,KCLT KAGS
3/26/2025,CRJ7,N539EA,KCLT,KBHM,1.4,KCLT KBHM
3/26/2025,CRJ7,N539EA,KBHM,KCLT,1.5,KCLT KBHM
3/26/2025,CRJ7,N511AE,KCLT,KTYS,1.1,KCLT KTYS
3/27/2025,CRJ7,N723PS,KTYS,KDCA,1.9,KDCA KTYS
3/27/2025,CRJ9,N629NN,KDCA,KPWM,1.8,KDCA KPWM
3/28/2025,CRJ7,N720PS,KPWM,KDCA,1.7,KDCA KPWM
3/28/2025,CRJ7,N720PS,KDCA,KATL,1.8,KDCA KATL
3/28/2025,CRJ7,N720PS,KATL,KDCA,2.6,KDCA KATL
4/1/2025,CRJ7,N505AE,KDCA,KBNA,2.1,KDCA KBNA
4/1/2025,CRJ7,N505AE,KBNA,KDCA,1.7,KDCA KBNA
4/3/2025,CRJ7,N723PS,KDCA,KORF,1.2,KDCA KORF
4/3/2025,CRJ7,N723PS,KORF,KDCA,1.7,KDCA KORF
4/4/2025,CRJ7,N542EA,KDCA,KILM,1.4,KDCA KILM
4/4/2025,CRJ7,N542EA,KILM,KDCA,1.2,KDCA KILM
4/4/2025,CRJ7,N523AE,KDCA,KBTR,3.2,KDCA KBTR
4/5/2025,CRJ9,N572NN,KBTR,KJAN,1,KBTR KJAN
4/6/2025,CRJ9,N556NN,KCLT,KHPN,1.7,KCLT KHPN
4/7/2025,CRJ7,N542EA,KDCA,KSYR,1.1,KDCA KSYR
4/7/2025,CRJ7,N542EA,KSYR,KDCA,1.9,KDCA KSYR
4/13/2025,CRJ7,N708PS,KDCA,KLAN,1.9,KDCA KLAN
4/13/2025,CRJ7,N708PS,KLAN,KDCA,1.4,KDCA KLAN
4/13/2025,CRJ7,N510AE,KDCA,KCAK,1.4,KDCA KCAK
4/14/2025,CRJ7,N558NN,KCLT,KSBN,2.3,KCLT KSBN
4/14/2025,CRJ7,N558NN,KSBN,KCLT,1.9,KCLT KSBN
4/14/2025,CRJ7,N558NN,KCLT,KORF,1.1,KCLT KORF
4/20/2025,CRJ7,N536EA,KDCA,KICT,3.6,KDCA KICT
4/20/2025,CRJ7,N536EA,KICT,KDCA,3,KDCA KICT
4/20/2025,CRJ7,N536EA,KDCA,KCLE,1.5,KDCA KCLE
4/21/2025,CRJ7,N703PS,KDCA,KCVG,1.6,KDCA KCVG
4/22/2025,CRJ9,N610NN,KCVG,KPHL,2,KCVG KPHL
4/22/2025,CRJ9,N590NN,KPHL,KSAV,2,KPHL KSAV
4/23/2025,CRJ7,N532EA,KSAV,KDCA,1.8,KDCA KSAV
4/25/2025,CRJ7,N541EA,KDCA,KCLE,1.4,KDCA KCLE
4/25/2025,CRJ7,N541EA,KCLE,KDCA,1.3,KDCA KCLE
4/27/2025,CRJ7,N526EA,KDCA,KMCI,3.1,KDCA KMCI
4/27/2025,CRJ7,N526EA,KMCI,KDCA,2.4,KDCA KMCI
4/27/2025,CRJ7,N530EA,KDCA,KBHM,2.2,KDCA KBHM
4/28/2025,CRJ7,N522AE,KBHM,KDCA,2.1,KDCA KBHM
4/28/2025,CRJ7,N522AE,KDCA,KCRW,1,KDCA KCRW
4/29/2025,CRJ9,N617NN,KCLT,KMHT,2.4,KCLT KMHT
4/30/2025,CRJ7,N536EA,KMHT,KDCA,2,KDCA KMHT
4/30/2025,CRJ7,N536EA,KDCA,KGSP,1.7,KDCA KGSP
4/30/2025,CRJ7,N536EA,KGSP,KDCA,1.5,KDCA KGSP
5/1/2025,CRJ9,N614NN,KDCA,KPWM,1.5,KDCA KPWM
5/1/2025,CRJ9,N614NN,KPWM,KDCA,1.7,KDCA KPWM
5/6/2025,CRJ7,N712PS,KDCA,KMEM,2.6,KDCA KMEM
5/6/2025,CRJ7,N712PS,KMEM,KDCA,2.2,KDCA KMEM
5/7/2025,CRJ9,N578NN,KDFW,KMGM,1.5,KDFW KMGM
5/8/2025,CRJ7,N519AE,KMGM,KCLE,1.9,KMGM KCLE
5/9/2025,CRJ7,N716PS,KCLE,KDCA,2.2,KDCA KCLE
5/9/2025,CRJ7,N544EA,KDCA,KBNA,2.6,KDCA KBNA
5/9/2025,CRJ7,N544EA,KBNA,KDCA,1.8,KDCA KBNA
5/19/2025,CRJ7,N525AE,KDCA,KGSO,1.4,KDCA KGSO
5/19/2025,CRJ7,N525AE,KGSO,KDCA,1.8,KDCA KGSO
5/19/2025,CRJ7,N522AE,KDCA,KBHM,2.7,KDCA KBHM
5/20/2025,CRJ7,N545PB,KBHM,KDCA,2.1,KDCA KBHM
5/20/2025,CRJ7,N545PB,KDCA,KATL,1.7,KDCA KATL
5/20/2025,CRJ7,N545PB,KATL,KDCA,2.1,KDCA KATL
5/20/2025,CRJ7,N511AE,KDCA,KCRW,1.2,KDCA KCRW
5/21/2025,CRJ7,N716PS,KCRW,KCLT,1.2,KCLT KCRW
5/21/2025,CRJ7,N507AE,KCLT,KHPN,1.8,KCLT KHPN
5/22/2025,CRJ7,N725PS,KHPN,KDCA,1.6,KDCA KHPN
5/22/2025,CRJ7,N531EG,KDCA,KBNA,2.1,KDCA KBNA
5/22/2025,CRJ7,N531EG,KBNA,KDCA,1.6,KDCA KBNA
5/26/2025,CRJ7,N520DC,KDCA,KBNA,2,KDCA KBNA
5/26/2025,CRJ7,N520DC,KBNA,KDCA,1.8,KDCA KBNA
5/26/2025,CRJ7,N518AE,KDCA,KBTR,3.5,KDCA KBTR
5/27/2025,CRJ9,N580NN,KBTR,KDFW,1.6,KBTR KDFW
5/27/2025,CRJ9,N580NN,KDFW,KMGM,1.9,KDFW KMGM
5/29/2025,CRJ7,N503AE,KMGM,KDCA,2.1,KDCA KMGM
6/3/2025,CRJ7,N702PS,KDCA,KSYR,1.2,KDCA KSYR
6/3/2025,CRJ7,N702PS,KSYR,KDCA,1.2,KDCA KSYR
6/3/2025,CRJ7,N544EA,KDCA,KJAN,2.3,KDCA KJAN
6/4/2025,CRJ9,N547NN,KJAN,KDFW,2.1,KJAN KDFW
6/5/2025,CRJ7,N545PB,KSTL,KDCA,2.3,KDCA KSTL
6/5/2025,CRJ7,N545PB,KDCA,KBUF,1.3,KDCA KBUF
6/5/2025,CRJ7,N545PB,KBUF,KDCA,1.3,KDCA KBUF
6/5/2025,CRJ7,N719PS,KDCA,KBUF,1.3,KDCA KBUF
6/6/2025,CRJ7,N720PS,KBUF,KDCA,1.5,KDCA KBUF
6/7/2025,CRJ7,N702PS,KDCA,CYYZ,1.7,KDCA CYYZ
6/7/2025,CRJ7,N702PS,CYYZ,KPHL,1.4,CYYZ KPHL
6/7/2025,CRJ7,N702PS,KPHL,KAVL,1.8,KPHL KAVL
6/8/2025,CRJ9,N561NN,KAVL,KDCA,1.3,KDCA KAVL
6/11/2025,CRJ7,N529EA,KDCA,KBHM,2.2,KDCA KBHM
6/11/2025,CRJ7,N529EA,KBHM,KDFW,2.5,KBHM KDFW
6/11/2025,CRJ7,N529EA,KDFW,KTLH,2.4,KDFW KTLH
6/12/2025,CRJ9,N629NN,KTLH,KDFW,2.2,KTLH KDFW
6/13/2025,CRJ9,N588NN,KDCA,KVPS,2.6,KDCA KVPS
6/14/2025,CRJ7,N503AE,KVPS,KDCA,2.3,KDCA KVPS
6/18/2025,CRJ9,N606NN,KDCA,KPHL,1,KDCA KPHL
6/18/2025,CRJ9,N606NN,KPHL,KOMA,3.4,KPHL KOMA
6/19/2025,CRJ9,N612NN,KOMA,KAVP,3,KOMA KAVP
6/19/2025,CRJ9,N612NN,KAVP,KPHL,1.6,KAVP KPHL
6/19/2025,CRJ9,N618NN,KPHL,KBUF,1.6,KPHL KBUF
6/20/2025,CRJ7,N702PS,KBUF,KDCA,1.2,KDCA KBUF
6/20/2025,CRJ7,N702PS,KDCA,KAVL,1.5,KDCA KAVL
6/21/2025,CRJ7,N546FF,KAVL,KDCA,1.5,KDCA KAVL
6/21/2025,CRJ7,N531EG,KDCA,KVPS,2.5,KDCA KVPS
6/21/2025,CRJ7,N531EG,KVPS,KDCA,2.3,KDCA KVPS
6/24/2025,CRJ7,N507AE,KDCA,KMYR,1.4,KDCA KMYR
6/24/2025,CRJ7,N507AE,KMYR,KDCA,2.5,KDCA KMYR
6/25/2025,CRJ7,N725PS,KDCA,KMEM,2.7,KDCA KMEM
6/26/2025,CRJ7,N706PS,KMEM,KDCA,2.6,KDCA KMEM
6/26/2025,CRJ7,N706PS,KDCA,KBTV,1.6,KDCA KBTV
6/26/2025,CRJ7,N706PS,KBTV,KDCA,1.8,KDCA KBTV
6/26/2025,CRJ7,N530EA,KDCA,KALB,1.5,KDCA KALB
6/27/2025,CRJ9,N612NN,KALB,KDCA,1.4,KDCA KALB
6/27/2025,CRJ7,N534AE,KDCA,KORF,1.1,KDCA KORF
7/4/2025,CRJ9,N604NN,KDCA,KALB,1.4,KDCA KALB
7/4/2025,CRJ9,N604NN,KALB,KDCA,2.7,KDCA KALB
7/4/2025,CRJ9,N604NN,KDCA,KORF,6,KDCA KORF
7/5/2025,CRJ9,N581NN,KORF,KDCA,0.9,KDCA KORF
7/6/2025,CRJ7,N705PS,KORF,KPHL,1,KORF KPHL
7/7/2025,CRJ7,N546FF,KCLE,KDCA,1.2,KDCA KCLE
7/7/2025,CRJ7,N546FF,KDCA,KSDF,2.1,KDCA KSDF
7/7/2025,CRJ7,N546FF,KSDF,KDCA,2,KDCA KSDF
7/13/2025,CRJ7,N525AE,KDCA,KSDF,3,KDCA KSDF
7/13/2025,CRJ7,N525AE,KSDF,KBNA,1.1,KSDF KBNA
7/13/2025,CRJ7,N525AE,KBNA,KTLH,1.4,KBNA KTLH
7/14/2025,CRJ9,N559NN,KTLH,KDFW,2.2,KTLH KDFW
7/14/2025,CRJ9,N559NN,KDFW,KPNS,2.2,KDFW KPNS
7/15/2025,CRJ9,N586NN,KPNS,KCLT,1.9,KCLT KPNS
7/15/2025,CRJ9,N561NN,KCLT,KABE,2.1,KCLT KABE
7/15/2025,CRJ9,N561NN,KABE,KCLT,2,KCLT KABE
7/16/2025,N561NN,#REF!,KCLT,KJAN,1.8,KCLT KJAN
7/16/2025,CRJ7,N523AE,KJAN,KDFW,1.8,KJAN KDFW
7/19/2025,CRJ7,N533AE,KDCA,KIND,1.8,KDCA KIND
7/19/2025,CRJ7,N533AE,KIND,KDSM,1.5,KIND KDSM
7/21/2025,CRJ7,N524AE,KDCA,KILM,1.9,KDCA KILM
7/21/2025,CRJ7,N524AE,KILM,KDCA,1.4,KDCA KILM
7/22/2025,CRJ7,N524AE,KDCA,KBGR,1.8,KDCA KBGR
7/22/2025,CRJ7,N543EA,KBGR,KDCA,1.9,KDCA KBGR
7/22/2025,CRJ9,N618NN,KDCA,KBNA,1.9,KDCA KBNA
7/22/2025,CRJ9,N618NN,KBNA,KDCA,2,KDCA KBNA
7/23/2025,CRJ9,N617NN,KCLT,KCMH,1.8,KCLT KCMH
7/23/2025,CRJ9,N617NN,KCMH,KCLT,1.7,KCLT KCMH
,,,,,, 
,,,,,, 
,,,,,, 
,,,,,, 
,,,,,, 
,,,,,, 
,,,,,, 
,,,,,, 
,,,,,, 
,,,,,, 
,,,,,, 
,,,,,, 
,,,,,, 
,,,,,, 
,,,,,, 
,,,,,, 
,,,,,, 
,,,,,, 
,,,,,, 
,,,,,, 
,,,,,, 
,,,,,, 
,,,,,, 
,,,,,, 
,,,,,, 
,,,,,, 
,,,,,, 
,,,,,, 
,,,,,, 
,,,,,, 
,,,,,, 
,,,,,, 
,,,,,, 
,,,,,, 
,,,,,, 
,,,,,, 
,,,,,, 
,,,,,, 
,,,,,, 
,,,,,, 
,,,,,, 
,,,,,, 
,,,,,, 
,,,,,, 
,,,,,, 
,,,,,, 
,,,,,, 
,,,,,, 
,,,,,, 
,,,,,, 
,,,,,, 
,,,,,, 
,,,,,, 
,,,,,, 
,,,,,, 
,,,,,, 
,,,,,, 
,,,,,, 
,,,,,, 
,,,,,, 
,,,,,, 
,,,,,, 
,,,,,, 
,,,,,, 
,,,,,, 
,,,,,, 
,,,,,, 
,,,,,, 
,,,,,, 
,,,,,, 
,,,,,, 
,,,,,, 
,,,,,, 
,,,,,, 
,,,,,, 
,,,,,, 
,,,,,, 
,,,,,, 
,,,,,, 
,,,,,, 
,,,,,, 
,,,,,, 
,,,,,, 
,,,,,, 
,,,,,, 
,,,,,, 
,,,,,, 
,,,,,, 
,,,,,, 
,,,,,, 
,,,,,, 
,,,,,, 
,,,,,, 
,,,,,, 
,,,,,, 
,,,,,, 
,,,,,, 
,,,,,, 
,,,,,, 
,,,,,, 
,,,,,, 
,,,,,, 
,,,,,, 
,,,,,, 
,,,,,, 
,,,,,, 
,,,,,, 
,,,,,, 
,,,,,, 
,,,,,, 
,,,,,, 
,,,,,, 
,,,,,, 
,,,,,, 
,,,,,, 
,,,,,, 
,,,,,, 
,,,,,, 
,,,,,, 
,,,,,, 
,,,,,, 
,,,,,, 
,,,,,, 
,,,,,, 
,,,,,, 
,,,,,, 
,,,,,, 
,,,,,, 
,,,,,, 
,,,,,, 
,,,,,, 
,,,,,, 
,,,,,, 
,,,,,, 
,,,,,, 
,,,,,, 
,,,,,, 
,,,,,, 
,,,,,, 
,,,,,, 
,,,,,, 
,,,,,, 
,,,,,, 
,,,,,, 
,,,,,, 
,,,,,, 
,,,,,, 
,,,,,, 
,,,,,, 
,,,,,, 
,,,,,, 
,,,,,, 
,,,,,, 
,,,,,, 
,,,,,, 
,,,,,, 
,,,,,, 
,,,,,, 
,,,,,, 
,,,,,, 
,,,,,, 
,,,,,, 
,,,,,, 
,,,,,, 
,,,,,, 
,,,,,, 
,,,,,, 
,,,,,, 
,,,,,, 
,,,,,, 
,,,,,, 
,,,,,, 
,,,,,, 
,,,,,, 
,,,,,, 
,,,,,, 
,,,,,, 
,,,,,, 
,,,,,, 
,,,,,, 
,,,,,, 
,,,,,, 
,,,,,, 
,,,,,, 
,,,,,, 
,,,,,, 
,,,,,, 
,,,,,, 
,,,,,, 
,,,,,, 
,,,,,, 
,,,,,, 
,,,,,, 
,,,,,, 
,,,,,, 
,,,,,, 
,,,,,, 
,,,,,, 
,,,,,, 
,,,,,, 
,,,,,, 
,,,,,, 
,,,,,, 
,,,,,, 
,,,,,, 
,,,,,, 
,,,,,, 
,,,,,, 
,,,,,, 
,,,,,, 
,,,,,, 
,,,,,, 
,,,,,, 
,,,,,, 
,,,,,, 
,,,,,, 
,,,,,, 
,,,,,, 
,,,,,, 
,,,,,, 
,,,,,, 
,,,,,, 
,,,,,, 
,,,,,, 
,,,,,, 
,,,,,, 
,,,,,, 
,,,,,, 
,,,,,, 
,,,,,, 
,,,,,, 
,,,,,, 
,,,,,, 
,,,,,, 
,,,,,, 
,,,,,, 
,,,,,, 
,,,,,, 
,,,,,, 
,,,,,, 
,,,,,, 
,,,,,, 
,,,,,, 
,,,,,, 
,,,,,, 
,,,,,, 
,,,,,, 
,,,,,, 
,,,,,, 
,,,,,, 
,,,,,, 
,,,,,, 
,,,,,, 
,,,,,, 
,,,,,, 
,,,,,, 
,,,,,, 
,,,,,, 
,,,,,, 
,,,,,, 
,,,,,, 
,,,,,, 
,,,,,, 
,,,,,, 
,,,,,, 
,,,,,, 
,,,,,, 
,,,,,, 
,,,,,, 
,,,,,, 
,,,,,, 
,,,,,, 
,,,,,, 
,,,,,, 
,,,,,, 
,,,,,, 
,,,,,, 
,,,,,, 
,,,,,, 
,,,,,, 
,,,,,, 
,,,,,, 
,,,,,, 
,,,,,, 
,,,,,, 
,,,,,, 
,,,,,, 
,,,,,, 
,,,,,, 
,,,,,, 
,,,,,, 
,,,,,, 
,,,,,, 
,,,,,, 
,,,,,, 
,,,,,, 
,,,,,, 
,,,,,, 
,,,,,, 
,,,,,, 
,,,,,, 
,,,,,, 
,,,,,, 
,,,,,, 
,,,,,, 
,,,,,, 
,,,,,, 
,,,,,, 
,,,,,, 
,,,,,, 
,,,,,, 
,,,,,, 
,,,,,, 
,,,,,, 
,,,,,, 
,,,,,, 
,,,,,, 
,,,,,, 
,,,,,, 
,,,,,, 
,,,,,, 
,,,,,, 
,,,,,, 
,,,,,, 
,,,,,, 
,,,,,, 
,,,,,, 
,,,,,, 
,,,,,, 
,,,,,, 
,,,,,, 
,,,,,, 
,,,,,, 
,,,,,, 
,,,,,, 
,,,,,, 
,,,,,, 
,,,,,, 
,,,,,, 
,,,,,, 
,,,,,, 
,,,,,, 
,,,,,, 
,,,,,, 
,,,,,, 
,,,,,, 
,,,,,, 
,,,,,, 
,,,,,, 
,,,,,, 
,,,,,, 
,,,,,, 
,,,,,, 
,,,,,, 
,,,,,, 
,,,,,, 
,,,,,, 
,,,,,, 
,,,,,, 
,,,,,, 
,,,,,, 
,,,,,, 
,,,,,, 
,,,,,, 
,,,,,, 
,,,,,, 
,,,,,, 
,,,,,, 
,,,,,, 
,,,,,, 
,,,,,, 
,,,,,, 
,,,,,, 
,,,,,, 
,,,,,, 
,,,,,, 
,,,,,, 
,,,,,, 
,,,,,, 
,,,,,, 
,,,,,, 
,,,,,, 
,,,,,, 
,,,,,, 
,,,,,, 
,,,,,, 
,,,,,, 
,,,,,, 
,,,,,, 
,,,,,, 
,,,,,, 
,,,,,, 
,,,,,, 
,,,,,, 
,,,,,, 
,,,,,, 
,,,,,, 
,,,,,, 
,,,,,, 
,,,,,, 
,,,,,, 
,,,,,, 
,,,,,, 
,,,,,, 
,,,,,, 
,,,,,, 
,,,,,, 
,,,,,, 
,,,,,, 
,,,,,, 
,,,,,, 
,,,,,, 
,,,,,, 
,,,,,, 
,,,,,, 
,,,,,, 
,,,,,, 
,,,,,, 
,,,,,, 
,,,,,, 
,,,,,, 
,,,,,, 
,,,,,, 
,,,,,, 
,,,,,, 
,,,,,, 
,,,,,, 
,,,,,, 
,,,,,, 
,,,,,, 
,,,,,, 
,,,,,, 
,,,,,, 
,,,,,, 
,,,,,, 
,,,,,, 
,,,,,, 
,,,,,, 
,,,,,, 
,,,,,, 
,,,,,, 
,,,,,, 
,,,,,, 
,,,,,, 
,,,,,, 
,,,,,, 
,,,,,, 
,,,,,, 
,,,,,, 
,,,,,, 
,,,,,, 
,,,,,, 
,,,,,, 
,,,,,, 
,,,,,, 
,,,,,, 
,,,,,, 
,,,,,, 
,,,,,, 
,,,,,, 
,,,,,, 
,,,,,, 
,,,,,, 
,,,,,, 
,,,,,, 
,,,,,, 
,,,,,, 
,,,,,, 
,,,,,, 
,,,,,, 
,,,,,, 
,,,,,, 
,,,,,, 
,,,,,, 
,,,,,, 
,,,,,, 
,,,,,, 
,,,,,, 
,,,,,, 
,,,,,, 
,,,,,, 
,,,,,, 
,,,,,, 
,,,,,, 
,,,,,, 
,,,,,, 
,,,,,, 
,,,,,, 
,,,,,, 
,,,,,, 
,,,,,, 
,,,,,, 
,,,,,, 
,,,,,, 
,,,,,, 
,,,,,, 
,,,,,, 
,,,,,, 
,,,,,, 
,,,,,, 
,,,,,, 
,,,,,, 
,,,,,, 
,,,,,, 
,,,,,, 
,,,,,, 
,,,,,, 
,,,,,, 
,,,,,, 
,,,,,, 
,,,,,, 
,,,,,, 
,,,,,, 
,,,,,, 
,,,,,, 
,,,,,, 
,,,,,, 
,,,,,, 
,,,,,, 
,,,,,, 
,,,,,, 
,,,,,, 
,,,,,, 
,,,,,, 
,,,,,, 
,,,,,, 
,,,,,, 
,,,,,, 
,,,,,, 
,,,,,, 
,,,,,, 
,,,,,, 
,,,,,, 
,,,,,, 
,,,,,, 
,,,,,, 
,,,,,, 
,,,,,, 
,,,,,, 
,,,,,, 
,,,,,, 
,,,,,, 
,,,,,, 
,,,,,, 
,,,,,, 
,,,,,, 
,,,,,, 
,,,,,, 
,,,,,, 
,,,,,, 
,,,,,, 
,,,,,, 
,,,,,, 
,,,,,, 
,,,,,, 
,,,,,, 
,,,,,, 
,,,,,, 
,,,,,, 
,,,,,, 
,,,,,, 
,,,,,, 
,,,,,, 
,,,,,, 
,,,,,, 
,,,,,, 
,,,,,, 
,,,,,, 
,,,,,, 
,,,,,, 
,,,,,, 
,,,,,, 
,,,,,, 
,,,,,, 
,,,,,, 
,,,,,, 
,,,,,, 
,,,,,, 
,,,,,, 
,,,,,, 
,,,,,, 
,,,,,, 
,,,,,, 
,,,,,, 
,,,,,, 
,,,,,, 
,,,,,, 
,,,,,, 
,,,,,, 
,,,,,, 
,,,,,, 
,,,,,, 
,,,,,, 
,,,,,, 
,,,,,, 
,,,,,, 
,,,,,, 
,,,,,, 
,,,,,, 
,,,,,, 
,,,,,, 
,,,,,, 
,,,,,, 
,,,,,, 
,,,,,, 
,,,,,, 
,,,,,, 
,,,,,, 
,,,,,, 
,,,,,, 
,,,,,, 
,,,,,, 
,,,,,, 
,,,,,, 
,,,,,, 
,,,,,, 
,,,,,, 
,,,,,, 
,,,,,, 
,,,,,, 
,,,,,, 
,,,,,, 
,,,,,, 
,,,,,, 
,,,,,, 
,,,,,, 
,,,,,, 
,,,,,, 
,,,,,, 
,,,,,, 
,,,,,, 
,,,,,, 
,,,,,, 